"dci"	"code_atome"	"termino"	"lib_atome"	"CUI"	"lib_CUI"	"dci2"
"Sodium (oxybate de)"	"A18944738"	"MSHFRE"	"Oxybate de sodium"	"C0037537"	"Sodium Oxybate"	NA
"Acebutolol"	"A13053013"	"MSHCZE"	"acebutolol"	"C0000946"	"Acebutolol"	NA
"Aceclofenac"	"A10336811"	"RXNORM"	"aceclofenac"	"C0050403"	"aceclofenac"	NA
"Acenocoumarol"	"A0018215"	"RCD"	"Acenocoumarol"	"C0000956"	"Acenocoumarol"	NA
"Acepromazine"	"A0018222"	"SNMI"	"Acepromazine"	"C0000959"	"Acepromazine"	NA
"Aceprometazine"	"A10340610"	"RXNORM"	"aceprometazine"	"C0608826"	"aceprometazine"	NA
"Acetazolamide"	"A0018301"	"LCH"	"Acetazolamide"	"C0000981"	"Acetazolamide"	NA
"Aciclovir"	"A0018552"	"RCD"	"Aciclovir"	"C0001367"	"Acyclovir"	NA
"Acide clodronique"	"A23531502"	"MSHFRE"	"Acide clodronique"	"C0012081"	"Clodronic Acid"	NA
"Acide folinique"	"A7439936"	"MSHFRE"	"Acide folinique"	"C0023413"	"Leucovorin"	NA
"Acide folique"	"A7439938"	"MSHFRE"	"Acide folique"	"C0016410"	"Folic Acid"	NA
"Acide ioxaglique"	"A7439979"	"MSHFRE"	"Acide ioxaglique"	"C0022041"	"Ioxaglic Acid"	NA
"Acide niflumique"	"A7440005"	"MSHFRE"	"Acide niflumique"	"C0028067"	"Niflumic Acid"	NA
"Adalimumab"	"A26541619"	"MSHCZE"	"adalimumab"	"C1122087"	"adalimumab"	NA
"Adefovir"	"A10351659"	"RXNORM"	"adefovir"	"C0050175"	"adefovir"	NA
"Adrenaline"	"A0020297"	"RCD"	"Adrenaline"	"C0014563"	"Epinephrine"	NA
"Agomelatine"	"A15554810"	"NCI"	"Agomelatine"	"C0971637"	"Agomelatine"	NA
"Alcuronium"	"A0021403"	"RCD"	"Alcuronium"	"C0001981"	"Alcuronium"	NA
"Alfacalcidol"	"A0642223"	"RCD"	"Alfacalcidol"	"C0044410"	"Alfacalcidol"	NA
"Alfentanil"	"A13042638"	"MSHCZE"	"alfentanil"	"C0002026"	"Alfentanil"	NA
"Alimemazine"	"A0021575"	"RCD"	"Alimemazine"	"C0041031"	"Trimeprazine"	NA
"Aliskiren"	"A12102622"	"RXNORM"	"aliskiren"	"C1120110"	"aliskiren"	NA
"Alizapride"	"A10336829"	"RXNORM"	"alizapride"	"C0051162"	"alizapride"	NA
"Allobarbital"	"A0473151"	"AOD"	"allobarbital"	"C0002132"	"allobarbital"	NA
"Allopurinol"	"A0021771"	"MMSL"	"Allopurinol"	"C0002144"	"Allopurinol"	NA
"Almotriptan"	"A10381435"	"RXNORM"	"almotriptan"	"C0914729"	"almotriptan"	NA
"Alpha-pinene"	"A7816306"	"MSH"	"alpha-pinene, pinene"	"C0951387"	"alpha-pinene, pinene"	NA
"Alprazolam"	"A13053073"	"MSHCZE"	"alprazolam"	"C0002333"	"Alprazolam"	NA
"Altizide"	"A0160376"	"MSH"	"altizide"	"C0051500"	"althiazide"	NA
"Altretamine"	"A0022244"	"MSH"	"Altretamine"	"C0019453"	"Altretamine"	NA
"Amantadine"	"A0022372"	"RCD"	"Amantadine"	"C0002403"	"Amantadine"	NA
"Ambenonium"	"A0002979"	"SNM"	"Ambenonium"	"C0002412"	"Ambenonium"	NA
"Amifostine"	"A0022651"	"MSH"	"Amifostine"	"C0015020"	"Amifostine"	NA
"Amikacine"	"A7441327"	"MSHFRE"	"Amikacine"	"C0002499"	"Amikacin"	NA
"Amiloride"	"A0022660"	"LCH"	"Amiloride"	"C0002502"	"Amiloride"	NA
"Aminophylline"	"A0013938"	"MMSL"	"Aminophylline"	"C0002575"	"Aminophylline"	NA
"Amiodarone"	"A0022869"	"LCH"	"Amiodarone"	"C0002598"	"Amiodarone"	NA
"Amisulpride"	"A10339857"	"RXNORM"	"Amisulpride"	"C0103045"	"Amisulpride"	NA
"Amitriptyline"	"A0013946"	"MSH"	"Amitriptyline"	"C0002600"	"Amitriptyline"	NA
"Amlodipine"	"A0160879"	"RCD"	"Amlodipine"	"C0051696"	"Amlodipine"	NA
"Amobarbital"	"A13040608"	"MSHCZE"	"amobarbital"	"C0002640"	"Amobarbital"	NA
"Amoxapine"	"A0023030"	"MMSL"	"Amoxapine"	"C0002644"	"Amoxapine"	NA
"Amoxicilline"	"A19031226"	"NCI"	"Amoxicilline"	"C0002645"	"Amoxicillin"	NA
"Ampicilline"	"A7441446"	"MSHFRE"	"Ampicilline"	"C0002680"	"Ampicillin"	NA
"Amprenavir"	"A10387256"	"RXNORM"	"Amprenavir"	"C0754188"	"Amprenavir"	NA
"Amsacrine"	"A0023170"	"RCD"	"Amsacrine"	"C0002699"	"Amsacrine"	NA
"Androstanolone"	"A0023628"	"SNMI"	"Androstanolone"	"C0038148"	"Dihydrotestosterone"	NA
"Apixaban"	"A11918704"	"PDQ"	"apixaban"	"C1831808"	"apixaban"	NA
"Apomorphine"	"A0025748"	"LCH"	"Apomorphine"	"C0003596"	"Apomorphine"	NA
"Argatroban"	"A10387158"	"RXNORM"	"argatroban"	"C0048470"	"argatroban"	NA
"Aripiprazole"	"A10340616"	"RXNORM"	"aripiprazole"	"C0299792"	"aripiprazole"	NA
"Asenapine"	"A15560846"	"NCI"	"Asenapine"	"C2000088"	"Asenapine"	NA
"Asparaginase"	"A10360421"	"RXNORM"	"ASPARAGINASE"	"C0003993"	"ASPARAGINASE"	NA
"Atazanavir"	"A10504349"	"RXNORM"	"Atazanavir"	"C1145759"	"Atazanavir"	NA
"Atenolol"	"A13053184"	"MSHCZE"	"atenolol"	"C0004147"	"Atenolol"	NA
"Atomoxetine"	"A10408615"	"RXNORM"	"atomoxetine"	"C0076823"	"atomoxetine"	NA
"Atorvastatine"	"A26535210"	"MSHFRE"	"Atorvastatine"	"C0286651"	"atorvastatin"	NA
"Atracurium"	"A0027642"	"RCD"	"Atracurium"	"C0004234"	"Atracurium"	NA
"Atropine"	"A0027723"	"LCH"	"Atropine"	"C0004259"	"Atropine"	NA
"Avanafil"	"A20632928"	"RXNORM"	"avanafil"	"C2698280"	"avanafil"	NA
"Avizafone"	"A0474253"	"MSH"	"avizafone"	"C0246215"	"pro-diazepam"	NA
"Axitinib"	"A20169623"	"NDDF"	"axitinib"	"C1700874"	"axitinib"	NA
"Azacitidine"	"A0028304"	"MSH"	"Azacitidine"	"C0004475"	"Azacitidine"	NA
"Azatadine"	"A0163778"	"MMSL"	"azatadine"	"C0052759"	"azatadine"	NA
"Azathioprine"	"A0028321"	"MSH"	"Azathioprine"	"C0004482"	"Azathioprine"	NA
"Azelastine"	"A0163794"	"MMSL"	"azelastine"	"C0052762"	"azelastine"	NA
"Azilsartan"	"A19017080"	"NDDF"	"azilsartan"	"C1958569"	"azilsartan"	NA
"Azithromycine"	"A7443493"	"MSHFRE"	"Azithromycine"	"C0052796"	"Azithromycin"	NA
"Bambuterol"	"A10336897"	"RXNORM"	"bambuterol"	"C0052944"	"bambuterol"	NA
"Barbital"	"A13036486"	"MSHCZE"	"barbital"	"C0004743"	"Barbital"	NA
"Barnidipine"	"A15556950"	"NCI"	"Barnidipine"	"C0078703"	"mepirodipine"	NA
"Bcg"	"A21445678"	"CVX"	"BCG"	"C0004886"	"BCG Vaccine"	NA
"Befunolol"	"A22725359"	"ATC"	"befunolol"	"C0053071"	"befunolol"	NA
"Belimumab"	"A19018601"	"NDDF"	"belimumab"	"C1723401"	"belimumab"	NA
"Benazepril"	"A0164875"	"MMSL"	"benazepril"	"C0053091"	"benazepril"	NA
"Bendamustine"	"A11917137"	"PDQ"	"bendamustine"	"C0525079"	"bendamustine"	NA
"Bendroflumethiazide"	"A0029781"	"MMSL"	"Bendroflumethiazide"	"C0004975"	"Bendroflumethiazide"	NA
"Benzalkonium"	"A20033184"	"MSHCZE"	"benzalkonium"	"C0005025"	"Benzalkonium"	NA
"Benzbromarone"	"A10334748"	"RXNORM"	"Benzbromarone"	"C0005035"	"Benzbromarone"	NA
"Benzocaine"	"A0029932"	"MMSL"	"Benzocaine"	"C0005059"	"Benzocaine"	NA
"Betamethasone"	"A0030462"	"MMSL"	"Betamethasone"	"C0005308"	"Betamethasone"	NA
"Beta-pinene"	"A0166420"	"MSH"	"beta-pinene"	"C0076109"	"beta-pinene"	NA
"Betaxolol"	"A13038409"	"MSHCZE"	"betaxolol"	"C0005320"	"Betaxolol"	NA
"Bezafibrate"	"A0030500"	"RCD"	"Bezafibrate"	"C0005330"	"Bezafibrate"	NA
"Biperidene"	"A18021036"	"NDFRT"	"Biperidene"	"C0005578"	"Biperiden"	NA
"Bisacodyl"	"A0031166"	"MMSL"	"Bisacodyl"	"C0005632"	"Bisacodyl"	NA
"Bisoprolol"	"A13055335"	"MSHCZE"	"bisoprolol"	"C0053799"	"Bisoprolol"	NA
"Bleomycine"	"A10723494"	"RXNORM"	"Bleomycine"	"C1589326"	"Bleomycine"	NA
"Boceprevir"	"A15591728"	"MSH"	"boceprevir"	"C1738934"	"boceprevir"	NA
"Boldo"	"A18661382"	"CHV"	"boldo"	"C0771773"	"BOLDO Preparation"	NA
"Bortezomib"	"A26534477"	"MSHCZE"	"bortezomib"	"C1176309"	"bortezomib"	NA
"Bosutinib"	"A11920250"	"PDQ"	"bosutinib"	"C1831731"	"bosutinib"	NA
"Bourdaine"	"A15903801"	"MSHFRE"	"Bourdaine"	"C0330641"	"Rhamnus frangula"	NA
"Brentuximab"	"A20017418"	"NDFRT"	"BRENTUXIMAB"	"C3247294"	"BRENTUXIMAB"	NA
"Bromazepam"	"A13061732"	"MSHCZE"	"bromazepam"	"C0006213"	"Bromazepam"	NA
"Bromocriptine"	"A0032791"	"LCH"	"Bromocriptine"	"C0006230"	"Bromocriptine"	NA
"Brompheniramine"	"A0032818"	"RCD"	"Brompheniramine"	"C0006246"	"Brompheniramine"	NA
"Brotizolam"	"A10336958"	"RXNORM"	"brotizolam"	"C0054151"	"brotizolam"	NA
"Buclizine"	"A10339482"	"RXNORM"	"buclizine"	"C0164386"	"buclizine"	NA
"Budesonide"	"A0661475"	"MMSL"	"Budesonide"	"C0054201"	"Budesonide"	NA
"Bumetanide"	"A0033202"	"LCH"	"Bumetanide"	"C0006376"	"Bumetanide"	NA
"Buprenorphine"	"A0033289"	"LCH"	"Buprenorphine"	"C0006405"	"Buprenorphine"	NA
"Bupropion"	"A13063734"	"MSHCZE"	"bupropion"	"C0085208"	"Bupropion"	NA
"Busulfan"	"A13057583"	"MSHCZE"	"busulfan"	"C0006463"	"Busulfan"	NA
"Butalbital"	"A0168620"	"MMSL"	"butalbital"	"C0054234"	"butalbital"	NA
"Butobarbital"	"A17479515"	"RXNORM"	"butobarbital"	"C0054249"	"butobarbital"	NA
"Cabazitaxel"	"A17947780"	"MTHSPL"	"cabazitaxel"	"C2830183"	"cabazitaxel"	NA
"Cabergoline"	"A0169442"	"MMSL"	"cabergoline"	"C0107994"	"cabergoline"	NA
"Cabozantinib"	"A21075680"	"RXNORM"	"cabozantinib"	"C3181682"	"cabozantinib"	NA
"Cafedrine"	"A14209839"	"RXNORM"	"cafedrine"	"C0068978"	"cafedrine"	NA
"Cajeput"	"A17883147"	"NDFRT"	"CAJEPUT"	"C0376274"	"cajuput oil"	NA
"Calcitriol"	"A0033960"	"MMSL"	"Calcitriol"	"C0006674"	"Calcitriol"	NA
"Camazepam"	"A0475336"	"AOD"	"camazepam"	"C0006795"	"camazepam"	NA
"Camphre"	"A7444614"	"MSHFRE"	"Camphre"	"C0006809"	"Camphor"	NA
"Canakinumab"	"A16795417"	"RXNORM"	"canakinumab"	"C2718773"	"canakinumab"	NA
"Candesartan cilexetil"	"A13996862"	"MEDCIN"	"candesartan cilexetil"	"C0527379"	"candesartan cilexetil"	NA
"Capecitabine"	"A10340632"	"RXNORM"	"capecitabine"	"C0671970"	"capecitabine"	NA
"Captodiame"	"A17696850"	"NCI"	"Captodiame"	"C0301409"	"Captodiamine"	NA
"Captopril"	"A0034660"	"LCH"	"Captopril"	"C0006938"	"Captopril"	NA
"Carbamazepine"	"A0034700"	"LCH"	"Carbamazepine"	"C0006949"	"Carbamazepine"	NA
"Carbinoxamine"	"A0170149"	"MMSL"	"carbinoxamine"	"C0054672"	"carbinoxamine"	NA
"Carboplatine"	"A7444934"	"MSHFRE"	"Carboplatine"	"C0079083"	"Carboplatin"	NA
"Carbutamide"	"A10334879"	"RXNORM"	"Carbutamide"	"C0007080"	"Carbutamide"	NA
"Carmustine"	"A0035408"	"RCD"	"Carmustine"	"C0007257"	"Carmustine"	NA
"Carpipramine"	"A10337002"	"RXNORM"	"carpipramine"	"C0054826"	"carpipramine"	NA
"Carteolol"	"A0035527"	"RCD"	"Carteolol"	"C0007299"	"Carteolol"	NA
"Carvedilol"	"A0170511"	"CSP"	"carvedilol"	"C0054836"	"carvedilol"	NA
"Cascara"	"A0035566"	"LCH"	"Cascara"	"C0205704"	"Cascara sagrada"	NA
"Cascara sagrada"	"A0035574"	"SNM"	"Cascara sagrada"	"C0205704"	"Cascara sagrada"	NA
"Cefamandole"	"A0036183"	"RCD"	"Cefamandole"	"C0007541"	"Cefamandole"	NA
"Celecoxib"	"A10339671"	"RXNORM"	"celecoxib"	"C0538927"	"celecoxib"	NA
"Celiprolol"	"A13042820"	"MSHCZE"	"celiprolol"	"C0055021"	"Celiprolol"	NA
"Ceritinib"	"A23830399"	"NDDF"	"ceritinib"	"C3818721"	"ceritinib"	NA
"Certolizumab"	"A17938080"	"NDFRT"	"CERTOLIZUMAB"	"C1872109"	"certolizumab pegol"	NA
"Cetalkonium"	"A11724633"	"SNOMEDCT_US"	"Cetalkonium"	"C0055155"	"Cetalkonium"	NA
"Cetuximab"	"A26545294"	"MSHCZE"	"cetuximab"	"C0995188"	"cetuximab"	NA
"Charbon active"	"A11769234"	"MMSL"	"Charbon Active"	"C1828842"	"Charbon Active"	NA
"Chlorambucil"	"A13036645"	"MSHCZE"	"chlorambucil"	"C0008163"	"Chlorambucil"	NA
"Chlordiazepoxide"	"A0038036"	"MSH"	"Chlordiazepoxide"	"C0008188"	"Chlordiazepoxide"	NA
"Chlormadinone"	"A7445815"	"MSHFRE"	"Chlormadinone"	"C0008214"	"Chlormadinone Acetate"	NA
"Chlormethine"	"A0038163"	"RCD"	"Chlormethine"	"C0025033"	"Mechlorethamine"	NA
"Chloroquine"	"A0038281"	"RCD"	"Chloroquine"	"C0008269"	"Chloroquine"	NA
"Chlorphenamine"	"A0038309"	"RCD"	"Chlorphenamine"	"C0008281"	"Chlorpheniramine"	NA
"Chlorphenoxamine"	"A10337043"	"RXNORM"	"chlorphenoxamine"	"C0055468"	"chlorphenoxamine"	NA
"Chlorproethazine"	"A10338055"	"RXNORM"	"chlorproethazine"	"C0164858"	"chlorproethazine"	NA
"Chlorpromazine"	"A0038332"	"LCH"	"Chlorpromazine"	"C0008286"	"Chlorpromazine"	NA
"Chlorpropamide"	"A0038341"	"LCH"	"Chlorpropamide"	"C0008287"	"Chlorpropamide"	NA
"Chlortalidone"	"A0672262"	"RCD"	"Chlortalidone"	"C0008294"	"Chlorthalidone"	NA
"Chlortetracycline"	"A0038368"	"RCD"	"Chlortetracycline"	"C0008293"	"Chlortetracycline"	NA
"Cholecalciferol"	"A0038450"	"MMSL"	"Cholecalciferol"	"C0008318"	"Cholecalciferol"	NA
"Cibenzoline"	"A18594935"	"CHV"	"cibenzoline"	"C0055720"	"cifenline"	NA
"Ciclesonide"	"A10381439"	"RXNORM"	"ciclesonide"	"C0907850"	"ciclesonide"	NA
"Cicletanine"	"A18557900"	"CHV"	"cicletanine"	"C0056686"	"cicletanine"	NA
"Ciclosporine"	"A13441357"	"MSHFRE"	"Ciclosporine"	"C0010592"	"Cyclosporine"	NA
"Cidofovir"	"A10339998"	"RXNORM"	"Cidofovir"	"C0286079"	"Cidofovir"	NA
"Cilazapril"	"A13038626"	"MSHCZE"	"cilazapril"	"C0055723"	"Cilazapril"	NA
"Cilostazol"	"A0172945"	"MMSL"	"cilostazol"	"C0055729"	"cilostazol"	NA
"Cimetidine"	"A0039436"	"LCH"	"Cimetidine"	"C0008783"	"Cimetidine"	NA
"Cineole"	"A18687729"	"CHV"	"cineole"	"C0055738"	"Eucalyptol"	NA
"Ciprofibrate"	"A10337059"	"RXNORM"	"ciprofibrate"	"C0055775"	"ciprofibrate"	NA
"Ciprofloxacine"	"A7446224"	"MSHFRE"	"Ciprofloxacine"	"C0008809"	"Ciprofloxacin"	NA
"Cisatracurium"	"A10340003"	"RXNORM"	"Cisatracurium"	"C1096766"	"Cisatracurium"	NA
"Cisplatine"	"A7446255"	"MSHFRE"	"Cisplatine"	"C0008838"	"Cisplatin"	NA
"Citalopram"	"A13059372"	"MSHCZE"	"citalopram"	"C0008845"	"Citalopram"	NA
"Cladribine"	"A0401395"	"MMSL"	"Cladribine"	"C0092801"	"Cladribine"	NA
"Clarithromycine"	"A7446302"	"MSHFRE"	"Clarithromycine"	"C0055856"	"Clarithromycin"	NA
"Clevidipine"	"A15598939"	"RXNORM"	"clevidipine"	"C0766108"	"clevidipine"	NA
"Clidinium"	"A0173401"	"MMSL"	"clidinium"	"C0055877"	"clidinium"	NA
"Clindamycine"	"A7446339"	"MSHFRE"	"Clindamycine"	"C0008947"	"Clindamycin"	NA
"Clobazam"	"A0173433"	"AOD"	"clobazam"	"C0055891"	"clobazam"	NA
"Clocinizine"	"A23935040"	"NCI_FDA"	"CLOCINIZINE"	"C1322002"	"CLOCINIZINE"	NA
"Clofarabine"	"A10413550"	"RXNORM"	"clofarabine"	"C0092777"	"clofarabine"	NA
"Clofibrate"	"A0040050"	"LCH"	"Clofibrate"	"C0009002"	"Clofibrate"	NA
"Clomipramine"	"A0040080"	"RCD"	"Clomipramine"	"C0009010"	"Clomipramine"	NA
"Clonazepam"	"A0014014"	"MSH"	"Clonazepam"	"C0009011"	"Clonazepam"	NA
"Clonidine"	"A0040084"	"LCH"	"Clonidine"	"C0009014"	"Clonidine"	NA
"Clopamide"	"A10335010"	"RXNORM"	"Clopamide"	"C0009025"	"Clopamide"	NA
"Clopidogrel"	"A0173513"	"CSP"	"clopidogrel"	"C0070166"	"clopidogrel"	NA
"Clorazepate"	"A1389599"	"AOD"	"clorazepate"	"C0008174"	"clorazepate"	NA
"Clotiazepam"	"A10338258"	"RXNORM"	"clotiazepam"	"C0009073"	"clotiazepam"	NA
"Cloxacilline"	"A7446390"	"MSHFRE"	"Cloxacilline"	"C0009077"	"Cloxacillin"	NA
"Cloxazolam"	"A10337082"	"RXNORM"	"cloxazolam"	"C0055964"	"cloxazolam"	NA
"Clozapine"	"A0040253"	"MSH"	"Clozapine"	"C0009079"	"Clozapine"	NA
"Cobicistat"	"A20892584"	"RXNORM"	"cobicistat"	"C3177235"	"cobicistat"	NA
"Codeine"	"A0040574"	"LCH"	"Codeine"	"C0009214"	"Codeine"	NA
"Colesevelam"	"A10381440"	"RXNORM"	"colesevelam"	"C0541155"	"colesevelam"	NA
"Colestilan"	"A23551427"	"ATC"	"colestilan"	"C0540213"	"cholebine"	NA
"Colestyramine"	"A0040757"	"RCD"	"Colestyramine"	"C0008402"	"Cholestyramine Resin"	NA
"Colistine"	"A7446521"	"MSHFRE"	"Colistine"	"C0009316"	"Colistin"	NA
"Cortisone"	"A0043109"	"LCH"	"Cortisone"	"C0010137"	"Cortisone"	NA
"Cortivazol"	"A10337091"	"RXNORM"	"cortivazol"	"C0056396"	"cortivazol"	NA
"Crizotinib"	"A19579777"	"MSH"	"crizotinib"	"C2974289"	"crizotinib"	NA
"Cyamemazine"	"A10337100"	"RXNORM"	"cyamemazine"	"C0056643"	"cyamemazine"	NA
"Cyclizine"	"A0044423"	"RCD"	"Cyclizine"	"C0010547"	"Cyclizine"	NA
"Cyclobarbital"	"A0477043"	"AOD"	"cyclobarbital"	"C0010552"	"cyclobarbital"	NA
"Cyclopentolate"	"A0044506"	"RCD"	"Cyclopentolate"	"C0010582"	"Cyclopentolate"	NA
"Cyclophosphamide"	"A0044510"	"MMSL"	"Cyclophosphamide"	"C0010583"	"Cyclophosphamide"	NA
"Cyclothiazide"	"A10337107"	"RXNORM"	"cyclothiazide"	"C0056831"	"cyclothiazide"	NA
"Cyproheptadine"	"A0044597"	"RCD"	"Cyproheptadine"	"C0010620"	"Cyproheptadine"	NA
"Cyproterone"	"A0044602"	"RCD"	"Cyproterone"	"C0010621"	"Cyproterone"	NA
"Cytarabine"	"A0044877"	"MMSL"	"Cytarabine"	"C0010711"	"Cytarabine"	NA
"Dabigatran"	"A26534517"	"MSHCZE"	"dabigatran"	"C2348066"	"dabigatran"	NA
"Dabrafenib"	"A22645525"	"RXNORM"	"dabrafenib"	"C3467876"	"dabrafenib"	NA
"Dacarbazine"	"A0045228"	"MMSL"	"Dacarbazine"	"C0010927"	"Dacarbazine"	NA
"Dactinomycine"	"A7643186"	"NCI"	"Dactinomycine"	"C0010934"	"Dactinomycin"	NA
"Dapoxetine"	"A22724326"	"NDDF"	"dapoxetine"	"C0215087"	"dapoxetine"	NA
"Dapsone"	"A0045349"	"MMSL"	"Dapsone"	"C0010980"	"Dapsone"	NA
"Darifenacine"	"A18003502"	"NDFRT"	"darifenacine"	"C0529351"	"darifenacin"	NA
"Darunavir"	"A26545337"	"MSHCZE"	"darunavir"	"C1435444"	"darunavir"	NA
"Dasatinib"	"A26534491"	"MSHCZE"	"dasatinib"	"C1455147"	"dasatinib"	NA
"Daunorubicine"	"A7448002"	"MSHFRE"	"Daunorubicine"	"C0011015"	"Daunorubicin"	NA
"Decitabine"	"A10825895"	"MMSL"	"decitabine"	"C0049065"	"decitabine"	NA
"Delorazepam"	"A2373009"	"MSH"	"delorazepam"	"C0055353"	"chlordesmethyldiazepam"	NA
"Demeclocycline"	"A0046287"	"RCD"	"Demeclocycline"	"C0011276"	"Demeclocycline"	NA
"Desflurane"	"A0178479"	"MMSL"	"desflurane"	"C0063252"	"desflurane"	NA
"Desipramine"	"A0014025"	"MSH"	"Desipramine"	"C0011685"	"Desipramine"	NA
"Desirudine"	"A3897708"	"SNOMEDCT_US"	"Desirudine"	"C0378366"	"desirudin"	NA
"Desmopressine"	"A13450914"	"MSHFRE"	"Desmopressine"	"C0011701"	"desmopressin"	NA
"Desogestrel"	"A13068085"	"MSHCZE"	"desogestrel"	"C0057558"	"Desogestrel"	NA
"Desoxycortone"	"A17997894"	"NDFRT"	"Desoxycortone"	"C0011710"	"Deoxycorticosterone"	NA
"Dexamethasone"	"A0047709"	"MMSL"	"Dexamethasone"	"C0011777"	"Dexamethasone"	NA
"Dexchlorpheniramine"	"A0178685"	"MMSL"	"dexchlorpheniramine"	"C0057606"	"dexchlorpheniramine"	NA
"Dexlansoprazole"	"A16496981"	"MMSL"	"dexlansoprazole"	"C2348248"	"dexlansoprazole"	NA
"Dexmedetomidine"	"A10351672"	"RXNORM"	"Dexmedetomidine"	"C0113293"	"Dexmedetomidine"	NA
"Dexrazoxane"	"A10338388"	"RXNORM"	"Dexrazoxane"	"C0086444"	"Dexrazoxane"	NA
"Dextran"	"A0047749"	"LCH"	"Dextran"	"C0086140"	"Dextran"	NA
"Dextromoramide"	"A0047814"	"RCD"	"Dextromoramide"	"C0011817"	"Dextromoramide"	NA
"Diazepam"	"A13045187"	"MSHCZE"	"diazepam"	"C0012010"	"Diazepam"	NA
"Diclofenac"	"A0048372"	"LCH"	"Diclofenac"	"C0012091"	"Diclofenac"	NA
"Dicloxacilline"	"A7448713"	"MSHFRE"	"Dicloxacilline"	"C0012093"	"Dicloxacillin"	NA
"Dienogest"	"A10337144"	"RXNORM"	"dienogest"	"C0057916"	"dienogest"	NA
"Diethylstilbestrol"	"A13036839"	"MSHCZE"	"diethylstilbestrol"	"C0012203"	"Diethylstilbestrol"	NA
"Digoxine"	"A7448789"	"MSHFRE"	"Digoxine"	"C0012265"	"Digoxin"	NA
"Dihexyverine"	"A23909528"	"NCI_FDA"	"DIHEXYVERINE"	"C0771461"	"DIHEXYVERINE"	NA
"Dihydralazine"	"A10335169"	"RXNORM"	"Dihydralazine"	"C0012271"	"Dihydralazine"	NA
"Dihydrocodeine"	"A0179818"	"MMSL"	"dihydrocodeine"	"C0058056"	"dihydrocodeine"	NA
"Dihydroergotamine"	"A0048863"	"MSH"	"Dihydroergotamine"	"C0012291"	"Dihydroergotamine"	NA
"Diltiazem"	"A13049317"	"MSHCZE"	"diltiazem"	"C0012373"	"Diltiazem"	NA
"Dimenhydrinate"	"A0049035"	"RCD"	"Dimenhydrinate"	"C0012381"	"Dimenhydrinate"	NA
"Dinitrate d'isosorbide"	"A13435369"	"MSHFRE"	"Dinitrate d'isosorbide"	"C0022252"	"Isosorbide Dinitrate"	NA
"Diosmectite"	"A18096141"	"MEDCIN"	"diosmectite"	"C0163748"	"diosmectite"	NA
"Diphemanil"	"A0688218"	"SNM"	"Diphemanil"	"C0301371"	"Diphemanil"	NA
"Diphenhydramine"	"A0049265"	"RCD"	"Diphenhydramine"	"C0012522"	"Diphenhydramine"	NA
"Disopyramide"	"A0050227"	"LCH"	"Disopyramide"	"C0012702"	"Disopyramide"	NA
"Disulfirame"	"A15908696"	"MSHFRE"	"Disulfirame"	"C0012772"	"Disulfiram"	NA
"Docetaxel"	"A0478042"	"CSP"	"docetaxel"	"C0246415"	"docetaxel"	NA
"Dolasetron"	"A10500943"	"RXNORM"	"Dolasetron"	"C0209210"	"Dolasetron"	NA
"Dolutegravir"	"A20042587"	"MSH"	"dolutegravir"	"C3253985"	"dolutegravir"	NA
"Domperidone"	"A0051049"	"MSH"	"Domperidone"	"C0013015"	"Domperidone"	NA
"Donepezil"	"A10339675"	"RXNORM"	"donepezil"	"C0527316"	"donepezil"	NA
"Dopamine"	"A0051090"	"LCH"	"Dopamine"	"C0013030"	"Dopamine"	NA
"Doxazosine"	"A7449229"	"MSHFRE"	"Doxazosine"	"C0114873"	"Doxazosin"	NA
"Doxorubicine"	"A7449231"	"MSHFRE"	"Doxorubicine"	"C0013089"	"Doxorubicin"	NA
"Doxycycline"	"A0051237"	"RCD"	"Doxycycline"	"C0013090"	"Doxycycline"	NA
"Doxylamine"	"A0051244"	"SNM"	"Doxylamine"	"C0013092"	"Doxylamine"	NA
"Dronedarone"	"A16949976"	"RXNORM"	"dronedarone"	"C0766326"	"dronedarone"	NA
"Droperidol"	"A13057926"	"MSHCZE"	"droperidol"	"C0013136"	"Droperidol"	NA
"Drospirenone"	"A0596654"	"MMSL"	"drospirenone"	"C0043822"	"drospirenone"	NA
"Duloxetine"	"A10338272"	"RXNORM"	"duloxetine"	"C0245561"	"duloxetine"	NA
"Dydrogesterone"	"A0051913"	"RCD"	"Dydrogesterone"	"C0013340"	"Dydrogesterone"	NA
"Efavirenz"	"A10340650"	"RXNORM"	"efavirenz"	"C0674428"	"efavirenz"	NA
"Eletriptan"	"A10351676"	"RXNORM"	"eletriptan"	"C0759933"	"eletriptan"	NA
"Elvitegravir"	"A16473502"	"MSH"	"elvitegravir"	"C2606637"	"elvitegravir"	NA
"Enalapril"	"A13049400"	"MSHCZE"	"enalapril"	"C0014025"	"Enalapril"	NA
"Enflurane"	"A0054539"	"MMSL"	"Enflurane"	"C0014277"	"Enflurane"	NA
"Enoxaparine"	"A18050644"	"NDFRT"	"Enoxaparine"	"C0206460"	"Enoxaparin"	NA
"Entacapone"	"A0296690"	"MMSL"	"entacapone"	"C0165921"	"entacapone"	NA
"Enzalutamide"	"A20964654"	"MMSL"	"enzalutamide"	"C3496793"	"enzalutamide"	NA
"Ephedrine"	"A0055099"	"LCH"	"Ephedrine"	"C0014479"	"Ephedrine"	NA
"Eplerenone"	"A10387327"	"RXNORM"	"eplerenone"	"C0961485"	"eplerenone"	NA
"Epoprostenol"	"A13063034"	"MSHCZE"	"epoprostenol"	"C0033567"	"Epoprostenol"	NA
"Eprosartan"	"A0597007"	"MMSL"	"eprosartan"	"C0287041"	"eprosartan"	NA
"Eptifibatide"	"A10340651"	"RXNORM"	"eptifibatide"	"C0253563"	"eptifibatide"	NA
"Ergocalciferol"	"A0055609"	"MMSL"	"Ergocalciferol"	"C0014695"	"Ergocalciferol"	NA
"Ergotamine"	"A0055647"	"MSH"	"Ergotamine"	"C0014710"	"Ergotamine"	NA
"Erlotinib"	"A10413786"	"RXNORM"	"erlotinib"	"C1135135"	"erlotinib"	NA
"Ertapenem"	"A10413552"	"RXNORM"	"ertapenem"	"C1120106"	"ertapenem"	NA
"Escitalopram"	"A21103287"	"MSHCZE"	"escitalopram"	"C1099456"	"Escitalopram"	NA
"Esmolol"	"A0183992"	"MMSL"	"esmolol"	"C0116569"	"esmolol"	NA
"Esomeprazole"	"A10434585"	"RXNORM"	"Esomeprazole"	"C0937846"	"Esomeprazole"	NA
"Estazolam"	"A13066448"	"MSHCZE"	"estazolam"	"C0014892"	"Estazolam"	NA
"Estradiol"	"A13066449"	"MSHCZE"	"estradiol"	"C0014912"	"Estradiol"	NA
"Estramustine"	"A0056289"	"MSH"	"Estramustine"	"C0014921"	"Estramustine"	NA
"Estriol"	"A13041187"	"MSHCZE"	"estriol"	"C0014927"	"Estriol"	NA
"Estrone"	"A0056345"	"LCH"	"Estrone"	"C0014942"	"Estrone"	NA
"Etanercept"	"A26523547"	"MSHCZE"	"etanercept"	"C0717758"	"Etanercept"	NA
"Ethambutol"	"A13041188"	"MSHCZE"	"ethambutol"	"C0014964"	"Ethambutol"	NA
"Ethinylestradiol"	"A13049459"	"MSHCZE"	"ethinylestradiol"	"C0015011"	"Ethinyl Estradiol"	NA
"Ethosuximide"	"A0014071"	"MMSL"	"Ethosuximide"	"C0015043"	"Ethosuximide"	NA
"Ethylmorphine"	"A10335327"	"RXNORM"	"Ethylmorphine"	"C0015109"	"Ethylmorphine"	NA
"Etifoxine"	"A17481980"	"RXNORM"	"etifoxine"	"C0059678"	"etifoxine"	NA
"Etilefrine"	"A0056733"	"SNMI"	"Etilefrine"	"C0015116"	"Etilefrine"	NA
"Etodolac"	"A13059610"	"MSHCZE"	"etodolac"	"C0059865"	"Etodolac"	NA
"Etonogestrel"	"A10501015"	"RXNORM"	"Etonogestrel"	"C0047683"	"Etonogestrel"	NA
"Etoposide"	"A0056745"	"LCH"	"Etoposide"	"C0015133"	"Etoposide"	NA
"Etoricoxib"	"A10387329"	"RXNORM"	"etoricoxib"	"C0972314"	"etoricoxib"	NA
"Etretinate"	"A0056754"	"LCH"	"Etretinate"	"C0015137"	"Etretinate"	NA
"Eucalyptus"	"A13066465"	"MSHCZE"	"Eucalyptus"	"C0015148"	"Eucalyptus"	NA
"Eugenol"	"A13045333"	"MSHCZE"	"eugenol"	"C0015153"	"Eugenol"	NA
"Everolimus"	"A26519988"	"MSHCZE"	"everolimus"	"C0541315"	"everolimus"	NA
"Famotidine"	"A0058176"	"MMSL"	"Famotidine"	"C0015620"	"Famotidine"	NA
"Febuxostat"	"A26523589"	"MSHCZE"	"febuxostat"	"C0249529"	"febuxostat"	NA
"Felbamate"	"A0185523"	"CSP"	"felbamate"	"C0060135"	"felbamate"	NA
"Felodipine"	"A0058570"	"RCD"	"Felodipine"	"C0015772"	"Felodipine"	NA
"Fenofibrate"	"A0058689"	"MMSL"	"Fenofibrate"	"C0033228"	"Fenofibrate"	NA
"Fenoprofene"	"A7551051"	"MSHITA"	"Fenoprofene"	"C0015837"	"Fenoprofen"	NA
"Fenspiride"	"A10338274"	"RXNORM"	"fenspiride"	"C0015843"	"fenspiride"	NA
"Fentanyl"	"A13066495"	"MSHCZE"	"fentanyl"	"C0015846"	"Fentanyl"	NA
"Fer"	"A7451379"	"MSHFRE"	"Fer"	"C0302583"	"Iron"	NA
"Fesoterodine"	"A15873483"	"RXNORM"	"fesoterodine"	"C2343853"	"fesoterodine"	NA
"Fexofenadine"	"A10339679"	"RXNORM"	"fexofenadine"	"C0296800"	"fexofenadine"	NA
"Fingolimod"	"A26526568"	"MSHRUS"	"FINGOLIMOD"	"C0388087"	"fingolimod hydrochloride"	NA
"Flecainide"	"A0059705"	"RCD"	"Flecainide"	"C0016229"	"Flecainide"	NA
"Fluanisone"	"A22725744"	"ATC"	"fluanisone"	"C0060473"	"fluanisone"	NA
"Fluconazole"	"A0059832"	"MSH"	"Fluconazole"	"C0016277"	"Fluconazole"	NA
"Fludarabine"	"A0186370"	"CSP"	"fludarabine"	"C0059985"	"fludarabine"	NA
"Fludiazepam"	"A18576375"	"CHV"	"fludiazepam"	"C0060485"	"fludiazepam"	NA
"Fludrocortisone"	"A0059846"	"RCD"	"Fludrocortisone"	"C0016280"	"Fludrocortisone"	NA
"Fluindione"	"A10337267"	"RXNORM"	"fluindione"	"C0117899"	"fluindione"	NA
"Flunarizine"	"A10335378"	"RXNORM"	"Flunarizine"	"C0016295"	"Flunarizine"	NA
"Flunitrazepam"	"A13061339"	"MSHCZE"	"flunitrazepam"	"C0016296"	"Flunitrazepam"	NA
"Fluor"	"A13041251"	"MSHCZE"	"fluor"	"C0016330"	"Fluorine"	NA
"Fluorouracile"	"A26538960"	"MSHFRE"	"Fluorouracile"	"C0016360"	"Fluorouracil"	NA
"Fluoxetine"	"A0060086"	"RCD"	"Fluoxetine"	"C0016365"	"Fluoxetine"	NA
"Flupentixol"	"A0060100"	"RCD"	"Flupentixol"	"C0016367"	"Flupenthixol"	NA
"Fluphenazine"	"A0060103"	"MSH"	"Fluphenazine"	"C0016368"	"Fluphenazine"	NA
"Flurazepam"	"A13041253"	"MSHCZE"	"flurazepam"	"C0016375"	"Flurazepam"	NA
"Flurbiprofene"	"A7551156"	"MSHITA"	"Flurbiprofene"	"C0016377"	"Flurbiprofen"	NA
"Flutamide"	"A0060151"	"MMSL"	"Flutamide"	"C0016384"	"Flutamide"	NA
"Fluticasone"	"A0186605"	"MMSL"	"fluticasone"	"C0082607"	"fluticasone"	NA
"Fluvoxamine"	"A0060163"	"RCD"	"Fluvoxamine"	"C0085228"	"Fluvoxamine"	NA
"Fondaparinux"	"A10480514"	"RXNORM"	"fondaparinux"	"C1098510"	"fondaparinux"	NA
"Fosamprenavir"	"A10483527"	"RXNORM"	"fosamprenavir"	"C1176315"	"fosamprenavir"	NA
"Foscarnet"	"A0186904"	"MSH"	"Foscarnet"	"C0070895"	"Foscarnet"	NA
"Fosinopril"	"A13068114"	"MSHCZE"	"fosinopril"	"C0118168"	"Fosinopril"	NA
"Fotemustine"	"A13677024"	"MEDCIN"	"fotemustine"	"C0060696"	"fotemustine"	NA
"Frovatriptan"	"A10351679"	"RXNORM"	"frovatriptan"	"C0754647"	"frovatriptan"	NA
"Furazolidone"	"A0061356"	"SNM"	"Furazolidone"	"C0016855"	"Furazolidone"	NA
"Furosemide"	"A0061367"	"LCH"	"Furosemide"	"C0016860"	"Furosemide"	NA
"Galantamine"	"A10499454"	"RXNORM"	"Galantamine"	"C0016967"	"Galantamine"	NA
"Ganciclovir"	"A0061909"	"MSH"	"Ganciclovir"	"C0017066"	"Ganciclovir"	NA
"Gefitinib"	"A10483528"	"RXNORM"	"gefitinib"	"C1122962"	"gefitinib"	NA
"Gemcitabine"	"A0188345"	"CSP"	"gemcitabine"	"C0045093"	"gemcitabine"	NA
"Gemfibrozil"	"A13038350"	"MSHCZE"	"gemfibrozil"	"C0017245"	"Gemfibrozil"	NA
"Gentamicine"	"A7452368"	"MSHFRE"	"Gentamicine"	"C0017436"	"Gentamicins"	NA
"Gimeracil"	"A23938769"	"NCI_FDA"	"GIMERACIL"	"C0393004"	"chlorodihydroxypyridine"	NA
"Glibenclamide"	"A0063484"	"LCH"	"Glibenclamide"	"C0017628"	"Glyburide"	NA
"Glibornuride"	"A10335446"	"RXNORM"	"glibornuride"	"C0350998"	"glibornuride"	NA
"Gliclazide"	"A0063492"	"LCH"	"Gliclazide"	"C0017631"	"Gliclazide"	NA
"Glimepiride"	"A0188690"	"MMSL"	"glimepiride"	"C0061323"	"glimepiride"	NA
"Glipizide"	"A0063521"	"RCD"	"Glipizide"	"C0017642"	"Glipizide"	NA
"Golimumab"	"A16722677"	"RXNORM"	"golimumab"	"C2353893"	"golimumab"	NA
"Guanfacine"	"A10335474"	"RXNORM"	"Guanfacine"	"C0079466"	"Guanfacine"	NA
"Halazepam"	"A0191104"	"AOD"	"halazepam"	"C0062092"	"halazepam"	NA
"Halofantrine"	"A0191131"	"MMSL"	"halofantrine"	"C0120726"	"halofantrine"	NA
"Haloperidol"	"A13045498"	"MSHCZE"	"haloperidol"	"C0018546"	"Haloperidol"	NA
"Halothane"	"A0065700"	"LCH"	"Halothane"	"C0018549"	"Halothane"	NA
"Haloxazolam"	"A0191157"	"MSH"	"haloxazolam"	"C0120735"	"haloxazolam"	NA
"Hexobarbital"	"A13041400"	"MSHCZE"	"hexobarbital"	"C0019469"	"Hexobarbital"	NA
"Hexylresorcinol"	"A13058232"	"MSHCZE"	"hexylresorcinol"	"C0019497"	"Hexylresorcinol"	NA
"Histapyrrodine"	"A22732628"	"ATC"	"histapyrrodine"	"C0628458"	"histapyrrodine"	NA
"Homatropine"	"A0193582"	"MMSL"	"homatropine"	"C0062922"	"homatropine"	NA
"Hydrochlorothiazide"	"A0070093"	"MMSL"	"Hydrochlorothiazide"	"C0020261"	"Hydrochlorothiazide"	NA
"Hydrocortisone"	"A0070116"	"LCH"	"Hydrocortisone"	"C0020268"	"Hydrocortisone"	NA
"Hydromorphone"	"A0070231"	"MMSL"	"Hydromorphone"	"C0012306"	"Hydromorphone"	NA
"Hydroquinidine"	"A10337363"	"RXNORM"	"hydroquinidine"	"C0063103"	"hydroquinidine"	NA
"Hydrotalcite"	"A10337365"	"RXNORM"	"hydrotalcite"	"C0063105"	"hydrotalcite"	NA
"Hydroxycarbamide"	"A23887425"	"NCI_DTP"	"Hydroxycarbamide"	"C0020402"	"hydroxyurea"	NA
"Hydroxychloroquine"	"A0070343"	"RCD"	"Hydroxychloroquine"	"C0020336"	"Hydroxychloroquine"	NA
"Hydroxyprogesterone"	"A2877908"	"SNOMEDCT_US"	"Hydroxyprogesterone"	"C0020387"	"Hydroxyprogesterones"	NA
"Hydroxyzine"	"A0070475"	"RCD"	"Hydroxyzine"	"C0020404"	"Hydroxyzine"	NA
"Ibritumomab"	"A3503514"	"SNOMEDCT_US"	"Ibritumomab"	"C1272713"	"Ibritumomab"	NA
"Ibrutinib"	"A21413904"	"NCI"	"Ibrutinib"	"C3501358"	"Ibrutinib"	NA
"Ibuprofene"	"A7551576"	"MSHITA"	"Ibuprofene"	"C0020740"	"Ibuprofen"	NA
"Idarubicine"	"A7454360"	"MSHFRE"	"Idarubicine"	"C0020789"	"Idarubicin"	NA
"Ifosfamide"	"A0071877"	"MMSL"	"Ifosfamide"	"C0020823"	"Ifosfamide"	NA
"Iloprost"	"A13059481"	"MSHCZE"	"iloprost"	"C0079594"	"Iloprost"	NA
"Iloprost trometamol"	"A16963806"	"SNOMEDCT_US"	"Iloprost trometamol"	"C2711856"	"Iloprost trometamol"	NA
"Imatinib"	"A10381492"	"RXNORM"	"imatinib"	"C0935989"	"imatinib"	NA
"Imidapril"	"A10338067"	"RXNORM"	"imidapril"	"C0165703"	"imidapril"	NA
"Imipenem"	"A13067871"	"MSHCZE"	"imipenem"	"C0020933"	"Imipenem"	NA
"Imipramine"	"A0014132"	"LCH"	"Imipramine"	"C0020934"	"Imipramine"	NA
"Indapamide"	"A0073038"	"MMSL"	"Indapamide"	"C0021186"	"Indapamide"	NA
"Indinavir"	"A13055610"	"MSHCZE"	"indinavir"	"C0376637"	"Indinavir"	NA
"Indoramine"	"A7454683"	"MSHFRE"	"Indoramine"	"C0021252"	"Indoramin"	NA
"Infliximab"	"A26538027"	"MSHCZE"	"infliximab"	"C0666743"	"infliximab"	NA
"Insuline asparte"	"A20003201"	"MSHFRE"	"Insuline Asparte"	"C1708521"	"Insulin Aspart"	NA
"Insuline glargine"	"A26527898"	"MSHFRE"	"Insuline glargine"	"C0907402"	"Insulin Glargine"	NA
"Insuline humaine recombinante"	"A20007234"	"MSHFRE"	"Insuline recombinante humaine de marque Lilly"	"C0020172"	"Humulin S"	NA
"Insuline lispro"	"A20003203"	"MSHFRE"	"Insuline Lispro"	"C0293359"	"Insulin Lispro"	NA
"Insuline porcine"	"A20004871"	"MSHFRE"	"Insuline porcine"	"C0724601"	"Insulin, Regular, Pork"	NA
"Iobitridol"	"A10338565"	"RXNORM"	"iobitridol"	"C0296806"	"iobitridol"	NA
"Iodixanol"	"A0196105"	"MMSL"	"iodixanol"	"C0063757"	"iodixanol"	NA
"Iohexol"	"A0075569"	"RCD"	"Iohexol"	"C0022005"	"Iohexol"	NA
"Iomeprol"	"A18094852"	"MEDCIN"	"iomeprol"	"C0063810"	"iomeprol"	NA
"Iopamidol"	"A0075629"	"MSH"	"Iopamidol"	"C0022026"	"Iopamidol"	NA
"Iopentol"	"A10337388"	"RXNORM"	"iopentol"	"C0063815"	"iopentol"	NA
"Iopromide"	"A0196222"	"MMSL"	"iopromide"	"C0063817"	"iopromide"	NA
"Ioversol"	"A0196246"	"MMSL"	"ioversol"	"C0063828"	"ioversol"	NA
"Ipilimumab"	"A10004400"	"MSH"	"ipilimumab"	"C1367202"	"ipilimumab"	NA
"Ipratropium"	"A13041751"	"MSHCZE"	"ipratropium"	"C0027235"	"Ipratropium"	NA
"Iproniazide"	"A7455237"	"MSHFRE"	"Iproniazide"	"C0022059"	"Iproniazid"	NA
"Irbesartan"	"A0599097"	"CSP"	"irbesartan"	"C0288171"	"irbesartan"	NA
"Irinotecan"	"A0196345"	"CSP"	"irinotecan"	"C0123931"	"irinotecan"	NA
"Isoflurane"	"A0075990"	"LCH"	"Isoflurane"	"C0022180"	"Isoflurane"	NA
"Isoniazide"	"A7455329"	"MSHFRE"	"Isoniazide"	"C0022209"	"isoniazid"	NA
"Isosorbide"	"A10335618"	"RXNORM"	"Isosorbide"	"C0022251"	"Isosorbide"	NA
"Isothipendyl"	"A10337405"	"RXNORM"	"isothipendyl"	"C0064088"	"isothipendyl"	NA
"Isradipine"	"A0196927"	"RCD"	"Isradipine"	"C0071304"	"Isradipine"	NA
"Itraconazole"	"A0196957"	"RCD"	"Itraconazole"	"C0064113"	"Itraconazole"	NA
"Ivabradine"	"A22724337"	"ATC"	"ivabradine"	"C0257190"	"ivabradine"	NA
"Josamycine"	"A17902722"	"NDFRT"	"Josamycine"	"C0022419"	"Josamycin"	NA
"Kanamycine"	"A7455455"	"MSHFRE"	"Kanamycine"	"C0022487"	"Kanamycin"	NA
"Ketazolam"	"A10337414"	"RXNORM"	"ketazolam"	"C0064304"	"ketazolam"	NA
"Ketoconazole"	"A0077101"	"MMSL"	"Ketoconazole"	"C0022625"	"Ketoconazole"	NA
"Ketoprofene"	"A7551958"	"MSHITA"	"Ketoprofene"	"C0022635"	"Ketoprofen"	NA
"Ketotifene"	"A17950799"	"NDFRT"	"Ketotifene"	"C0022642"	"Ketotifen"	NA
"Labetalol"	"A13062524"	"MSHCZE"	"labetalol"	"C0022860"	"Labetalol"	NA
"Lacidipine"	"A10337419"	"RXNORM"	"lacidipine"	"C0064568"	"lacidipine"	NA
"Lamotrigine"	"A0199053"	"MMSL"	"lamotrigine"	"C0064636"	"lamotrigine"	NA
"Lanreotide"	"A0367619"	"CSP"	"lanreotide"	"C0209211"	"lanreotide"	NA
"Lansoprazole"	"A0199083"	"MMSL"	"lansoprazole"	"C0050940"	"lansoprazole"	NA
"Lanthane"	"A7455738"	"MSHFRE"	"Lanthane"	"C0023031"	"Lanthanum"	NA
"Lapatinib"	"A11571357"	"RXNORM"	"lapatinib"	"C1506770"	"lapatinib"	NA
"Ledipasvir"	"A24149987"	"RXNORM"	"ledipasvir"	"C3851350"	"ledipasvir"	NA
"Lercanidipine"	"A10339685"	"RXNORM"	"lercanidipine"	"C0526399"	"lercanidipine"	NA
"Levobunolol"	"A23443929"	"MSHCZE"	"levobunolol"	"C0006388"	"Levobunolol"	NA
"Levodopa"	"A13037357"	"MSHCZE"	"levodopa"	"C0023570"	"Levodopa"	NA
"Levomenthol"	"A18717854"	"MTHSPL"	"LEVOMENTHOL"	"C0771655"	"LEVOMENTHOL"	NA
"Levomepromazine"	"A0079751"	"RCD"	"Levomepromazine"	"C0025678"	"Methotrimeprazine"	NA
"Levonorgestrel"	"A13063786"	"MSHCZE"	"levonorgestrel"	"C0023566"	"Levonorgestrel"	NA
"Levothyroxine"	"A18048391"	"NDFRT"	"Levothyroxine"	"C0040165"	"Thyroxine"	NA
"Lidocaine"	"A0014152"	"MSH"	"Lidocaine"	"C0023660"	"Lidocaine"	NA
"Linagliptine"	"A26520804"	"MSHFRE"	"Linagliptine"	"C2746078"	"Linagliptin"	NA
"Lincomycine"	"A7456186"	"MSHFRE"	"Lincomycine"	"C0023726"	"Lincomycin"	NA
"Linezolide"	"A26455732"	"NDFRT"	"Linezolide"	"C0663241"	"linezolid"	NA
"Linsidomine"	"A18614319"	"CHV"	"linsidomine"	"C0525082"	"linsidomine"	NA
"Lisinopril"	"A13038678"	"MSHCZE"	"lisinopril"	"C0065374"	"Lisinopril"	NA
"Lisuride"	"A0080563"	"LCH"	"Lisuride"	"C0023863"	"Lisuride"	NA
"Loflazepate"	"A10337225"	"RXNORM"	"ethyl loflazepate"	"C0059772"	"ethyl loflazepate"	NA
"Lomustine"	"A0080906"	"RCD"	"Lomustine"	"C0023972"	"Lomustine"	NA
"Lopinavir"	"A20036212"	"MSHCZE"	"Lopinavir"	"C0674432"	"lopinavir"	NA
"Loprazolam"	"A0733301"	"RCD"	"Loprazolam"	"C0077013"	"triazulenone"	NA
"Lorazepam"	"A13037378"	"MSHCZE"	"lorazepam"	"C0024002"	"Lorazepam"	NA
"Lormetazepam"	"A10337454"	"RXNORM"	"lormetazepam"	"C0065185"	"lormetazepam"	NA
"Losartan"	"A13038976"	"MSHCZE"	"losartan"	"C0126174"	"Losartan"	NA
"Loxapine"	"A0081123"	"RCD"	"Loxapine"	"C0024056"	"Loxapine"	NA
"Lumefantrine"	"A16717235"	"RXNORM"	"lumefantrine"	"C0531104"	"lumefantrine"	NA
"Lymecycline"	"A0081456"	"RCD"	"Lymecycline"	"C0024200"	"Lymecycline"	NA
"Lynestrenol"	"A13058439"	"MSHCZE"	"lynestrenol"	"C0024321"	"Lynestrenol"	NA
"Magaldrate"	"A0201577"	"MMSL"	"magaldrate"	"C0065512"	"magaldrate"	NA
"Manidipine"	"A10337473"	"RXNORM"	"manidipine"	"C0065656"	"manidipine"	NA
"Maprotiline"	"A0083108"	"RCD"	"Maprotiline"	"C0024778"	"Maprotiline"	NA
"Meclozine"	"A12790465"	"NCI"	"Meclozine"	"C0025039"	"Meclizine"	NA
"Medazepam"	"A13045796"	"MSHCZE"	"medazepam"	"C0025051"	"Medazepam"	NA
"Medrogestone"	"A10335769"	"RXNORM"	"Medrogestone"	"C0025145"	"Medrogestone"	NA
"Medroxyprogesterone"	"A0084258"	"LCH"	"Medroxyprogesterone"	"C0025147"	"Medroxyprogesterone"	NA
"Mefenidramium"	"A23949007"	"NCI_FDA"	"MEFENIDRAMIUM"	"C0771693"	"MEFENIDRAMIUM"	NA
"Mefloquine"	"A0084296"	"RCD"	"Mefloquine"	"C0025153"	"Mefloquine"	NA
"Meloxicam"	"A0202804"	"MMSL"	"meloxicam"	"C0083381"	"meloxicam"	NA
"Melphalan"	"A21104538"	"MSHCZE"	"melphalan"	"C0025241"	"Melphalan"	NA
"Menthe"	"A15895494"	"MSHFRE"	"Menthe"	"C0522467"	"Genus Mentha"	NA
"Meprobamate"	"A0084956"	"MMSL"	"Meprobamate"	"C0025386"	"Meprobamate"	NA
"Mepyramine"	"A0084968"	"RCD"	"Mepyramine"	"C0034282"	"Pyrilamine"	NA
"Mequitazine"	"A10337498"	"RXNORM"	"mequitazine"	"C0065972"	"mequitazine"	NA
"Merbromine"	"A17975254"	"NDFRT"	"Merbromine"	"C0025397"	"Merbromin"	NA
"Mercaptopurine"	"A0599966"	"MMSL"	"mercaptopurine"	"C0000618"	"mercaptopurine"	NA
"Meropenem"	"A0203027"	"MMSL"	"meropenem"	"C0066005"	"meropenem"	NA
"Mesalazine"	"A0743241"	"RCD"	"Mesalazine"	"C0127615"	"mesalamine"	NA
"Methadone"	"A0014164"	"MSH"	"Methadone"	"C0025605"	"Methadone"	NA
"Methotrexate"	"A0085756"	"LCH"	"Methotrexate"	"C0025677"	"Methotrexate"	NA
"Methoxyflurane"	"A0085795"	"SNM"	"Methoxyflurane"	"C0025688"	"Methoxyflurane"	NA
"Methyclothiazide"	"A0085808"	"MMSL"	"Methyclothiazide"	"C0025696"	"Methyclothiazide"	NA
"Methyldopa"	"A13062674"	"MSHCZE"	"methyldopa"	"C0025741"	"Methyldopa"	NA
"Methylphenidate"	"A0085989"	"MSH"	"Methylphenidate"	"C0025810"	"Methylphenidate"	NA
"Methylphenobarbital"	"A0435297"	"RCD"	"Methylphenobarbital"	"C0025382"	"Mephobarbital"	NA
"Methylprednisolone"	"A0086002"	"RCD"	"Methylprednisolone"	"C0025815"	"Methylprednisolone"	NA
"Metipranolol"	"A13063422"	"MSHCZE"	"metipranolol"	"C0041030"	"Metipranolol"	NA
"Metoclopramide"	"A0086083"	"MSH"	"Metoclopramide"	"C0025853"	"Metoclopramide"	NA
"Metopimazine"	"A10337522"	"RXNORM"	"metopimazine"	"C0066469"	"metopimazine"	NA
"Metoprolol"	"A13061323"	"MSHCZE"	"metoprolol"	"C0025859"	"Metoprolol"	NA
"Metronidazole"	"A0086139"	"LCH"	"Metronidazole"	"C0025872"	"Metronidazole"	NA
"Mexiletine"	"A0086192"	"LCH"	"Mexiletine"	"C0025887"	"Mexiletine"	NA
"Mezlocilline"	"A17951083"	"NDFRT"	"Mezlocilline"	"C0025893"	"Mezlocillin"	NA
"Midazolam"	"A13054226"	"MSHCZE"	"midazolam"	"C0026056"	"Midazolam"	NA
"Midodrine"	"A10335866"	"RXNORM"	"Midodrine"	"C0026078"	"Midodrine"	NA
"Millepertuis"	"A13441770"	"MSHFRE"	"Millepertuis"	"C0936242"	"Hypericum perforatum"	NA
"Milnacipran"	"A16485528"	"RXNORM"	"milnacipran"	"C1533126"	"milnacipran"	NA
"Miltefosine"	"A22728299"	"ATC"	"miltefosine"	"C0068006"	"miltefosine"	NA
"Minocycline"	"A0086930"	"RCD"	"Minocycline"	"C0026187"	"Minocycline"	NA
"Mirtazapine"	"A10340315"	"RXNORM"	"Mirtazapine"	"C0049506"	"Mirtazapine"	NA
"Mitoguazone"	"A0087097"	"MSH"	"Mitoguazone"	"C0026251"	"Mitoguazone"	NA
"Mitomycine c"	"A7654144"	"NCI"	"Mitomycine C"	"C0002475"	"Mitomycin"	NA
"Mitoxantrone"	"A0087128"	"MSH"	"Mitoxantrone"	"C0026259"	"Mitoxantrone"	NA
"Mivacurium"	"A0204688"	"MMSL"	"mivacurium"	"C0066621"	"mivacurium"	NA
"Mizolastine"	"A10338080"	"RXNORM"	"mizolastine"	"C0171302"	"mizolastine"	NA
"Moclobemide"	"A0745914"	"RCD"	"Moclobemide"	"C0066673"	"Moclobemide"	NA
"Moexipril"	"A0204994"	"MMSL"	"moexipril"	"C0066685"	"moexipril"	NA
"Molsidomine"	"A10335887"	"RXNORM"	"Molsidomine"	"C0026400"	"Molsidomine"	NA
"Mometasone"	"A0746166"	"RCD"	"Mometasone"	"C0360564"	"Mometasone"	NA
"Morniflumate"	"A10337548"	"RXNORM"	"morniflumate"	"C0066803"	"morniflumate"	NA
"Morphine"	"A0087929"	"LCH"	"Morphine"	"C0026549"	"Morphine"	NA
"Moxonidine"	"A10337551"	"RXNORM"	"moxonidine"	"C0066837"	"moxonidine"	NA
"Myristalkonium"	"A21151270"	"RXNORM"	"myristalkonium"	"C3535893"	"myristalkonium"	NA
"Nabumetone"	"A0209401"	"MMSL"	"nabumetone"	"C0068334"	"nabumetone"	NA
"Nadolol"	"A13067037"	"MSHCZE"	"nadolol"	"C0027302"	"Nadolol"	NA
"Nadoxolol"	"A10337556"	"RXNORM"	"nadoxolol"	"C0068353"	"nadoxolol"	NA
"Nalbuphine"	"A0090064"	"RCD"	"Nalbuphine"	"C0027348"	"Nalbuphine"	NA
"Nalmefene"	"A0209588"	"AOD"	"nalmefene"	"C0068377"	"nalmefene"	NA
"Naloxone"	"A0090082"	"LCH"	"Naloxone"	"C0027358"	"Naloxone"	NA
"Naltrexone"	"A0090095"	"RCD"	"Naltrexone"	"C0027360"	"Naltrexone"	NA
"Naphazoline"	"A0090120"	"RCD"	"Naphazoline"	"C0027373"	"Naphazoline"	NA
"Naproxene"	"A7552519"	"MSHITA"	"Naproxene"	"C0027396"	"Naproxen"	NA
"Naratriptan"	"A10339688"	"RXNORM"	"naratriptan"	"C0540623"	"naratriptan"	NA
"Natalizumab"	"A26520041"	"MSHCZE"	"natalizumab"	"C1172734"	"natalizumab"	NA
"Nateglinide"	"A10381449"	"RXNORM"	"nateglinide"	"C0903898"	"nateglinide"	NA
"Nebivolol"	"A26541600"	"MSHCZE"	"nebivolol"	"C0068475"	"nebivolol"	NA
"Nefopam"	"A13062749"	"MSHCZE"	"nefopam"	"C0027556"	"Nefopam"	NA
"Nelarabine"	"A10506020"	"RXNORM"	"nelarabine"	"C0907349"	"nelarabine"	NA
"Neostigmine"	"A0091141"	"RCD"	"Neostigmine"	"C0027679"	"Neostigmine"	NA
"Nevirapine"	"A1011389"	"RCD"	"Nevirapine"	"C0132326"	"Nevirapine"	NA
"Niaouli"	"A8219193"	"MSHDUT"	"Niaouli"	"C1135859"	"Melaleuca vindifolia"	NA
"Niaprazine"	"A10337569"	"RXNORM"	"niaprazine"	"C0068673"	"niaprazine"	NA
"Nicardipine"	"A0092159"	"RCD"	"Nicardipine"	"C0028005"	"Nicardipine"	NA
"Nicorandil"	"A0752758"	"RCD"	"Nicorandil"	"C0068700"	"Nicorandil"	NA
"Nicotine"	"A0014203"	"LCH"	"Nicotine"	"C0028040"	"Nicotine"	NA
"Nifedipine"	"A0092267"	"LCH"	"Nifedipine"	"C0028066"	"Nifedipine"	NA
"Nilotinib"	"A10913564"	"MSH"	"nilotinib"	"C1721377"	"nilotinib"	NA
"Nimesulide"	"A10337577"	"RXNORM"	"nimesulide"	"C0132515"	"nimesulide"	NA
"Nimetazepam"	"A0210606"	"MSH"	"nimetazepam"	"C0068774"	"nimetazepam"	NA
"Nimodipine"	"A0092342"	"RCD"	"Nimodipine"	"C0028094"	"Nimodipine"	NA
"Nitrazepam"	"A13037572"	"MSHCZE"	"nitrazepam"	"C0028126"	"Nitrazepam"	NA
"Nitrendipine"	"A0092404"	"LCH"	"Nitrendipine"	"C0028127"	"Nitrendipine"	NA
"Nizatidine"	"A0092587"	"MMSL"	"Nizatidine"	"C0085154"	"Nizatidine"	NA
"Nomegestrol"	"A10337580"	"RXNORM"	"nomegestrol"	"C0068922"	"nomegestrol"	NA
"Nonoxynol 9"	"A0291283"	"MSH"	"Nonoxynol 9"	"C0132776"	"Nonoxynol-9"	NA
"Noradrenaline"	"A0092890"	"RCD"	"Noradrenaline"	"C0028351"	"Norepinephrine"	NA
"Nordazepam"	"A24277108"	"MSHCZE"	"nordazepam"	"C0011279"	"Nordazepam"	NA
"Norepinephrine"	"A0092920"	"MSH"	"Norepinephrine"	"C0028351"	"Norepinephrine"	NA
"Norethandrolone"	"A0092934"	"SNM"	"Norethandrolone"	"C0028355"	"Norethandrolone"	NA
"Norethisterone"	"A0092943"	"RCD"	"Norethisterone"	"C0028356"	"Norethindrone"	NA
"Norfloxacine"	"A7459317"	"MSHFRE"	"Norfloxacine"	"C0028365"	"Norfloxacin"	NA
"Norgestimate"	"A0211174"	"MMSL"	"norgestimate"	"C0068992"	"norgestimate"	NA
"Norgestrienone"	"A10336002"	"RXNORM"	"Norgestrienone"	"C0028369"	"Norgestrienone"	NA
"Nortriptyline"	"A0093072"	"MMSL"	"Nortriptyline"	"C0028420"	"Nortriptyline"	NA
"Noscapine"	"A0093091"	"RCD"	"Noscapine"	"C0028426"	"Noscapine"	NA
"Octreotide"	"A0094169"	"RCD"	"Octreotide"	"C0028833"	"Octreotide"	NA
"Ofatumumab"	"A11920338"	"PDQ"	"ofatumumab"	"C1832027"	"ofatumumab"	NA
"Ofloxacine"	"A17951314"	"NDFRT"	"Ofloxacine"	"C0028902"	"Ofloxacin"	NA
"Olanzapine"	"A0302396"	"CSP"	"olanzapine"	"C0171023"	"olanzapine"	NA
"Olmesartan"	"A17936098"	"NDFRT"	"olmesartan"	"C1098320"	"olmesartan"	NA
"Olsalazine"	"A0212691"	"MMSL"	"olsalazine"	"C0069454"	"olsalazine"	NA
"Ombitasvir"	"A24128654"	"MSH"	"ombitasvir"	"C3852670"	"ombitasvir"	NA
"Omeprazole"	"A0094573"	"MMSL"	"Omeprazole"	"C0028978"	"Omeprazole"	NA
"Opipramol"	"A13067130"	"MSHCZE"	"opipramol"	"C0029105"	"Opipramol"	NA
"Ornidazole"	"A10336040"	"RXNORM"	"Ornidazole"	"C0029274"	"Ornidazole"	NA
"Oteracil"	"A16767144"	"NCI"	"Oteracil"	"C0030032"	"Oxonic Acid"	NA
"Oxacilline"	"A7460143"	"MSHFRE"	"Oxacilline"	"C0029983"	"Oxacillin"	NA
"Oxaliplatine"	"A17977819"	"NDFRT"	"oxaliplatine"	"C0069717"	"oxaliplatin"	NA
"Oxatomide"	"A10337611"	"RXNORM"	"oxatomide"	"C0134337"	"oxatomide"	NA
"Oxazepam"	"A13062855"	"MSHCZE"	"oxazepam"	"C0029997"	"Oxazepam"	NA
"Oxazolam"	"A24180837"	"NDDF"	"oxazolam"	"C0069749"	"oxazolam"	NA
"Oxcarbazepine"	"A0213546"	"MMSL"	"oxcarbazepine"	"C0069751"	"oxcarbazepine"	NA
"Oxetorone"	"A10337615"	"RXNORM"	"oxetorone"	"C0069760"	"oxetorone"	NA
"Oxitriptan"	"A11914602"	"PDQ"	"Oxitriptan"	"C0000578"	"5-Hydroxytryptophan"	NA
"Oxitropium"	"A10337620"	"RXNORM"	"oxitropium"	"C0069776"	"oxitropium"	NA
"Oxomemazine"	"A20169853"	"NDDF"	"oxomemazine"	"C0768401"	"oxomemazine"	NA
"Oxprenolol"	"A13041863"	"MSHCZE"	"oxprenolol"	"C0030040"	"Oxprenolol"	NA
"Oxycodone"	"A0096407"	"MSH"	"Oxycodone"	"C0030049"	"Oxycodone"	NA
"Oxymetazoline"	"A0096467"	"MMSL"	"Oxymetazoline"	"C0030071"	"Oxymetazoline"	NA
"Oxytetracycline"	"A0096526"	"RCD"	"Oxytetracycline"	"C0030092"	"Oxytetracycline"	NA
"Paclitaxel"	"A13051076"	"MSHCZE"	"paclitaxel"	"C0144576"	"Paclitaxel"	NA
"Paliperidone"	"A11563862"	"RXNORM"	"paliperidone"	"C0753678"	"paliperidone"	NA
"Pancuronium"	"A0097171"	"RCD"	"Pancuronium"	"C0030310"	"Pancuronium"	NA
"Panitumumab"	"A11560134"	"MMSL"	"panitumumab"	"C0879427"	"panitumumab"	NA
"Pantoprazole"	"A0214755"	"CSP"	"pantoprazole"	"C0081876"	"pantoprazole"	NA
"Paraffine"	"A7460405"	"MSHFRE"	"Paraffine"	"C0030415"	"Paraffin"	NA
"Parecoxib"	"A10483534"	"RXNORM"	"parecoxib"	"C0915142"	"parecoxib"	NA
"Paritaprevir"	"A24227013"	"NDDF"	"paritaprevir"	"C3864824"	"paritaprevir"	NA
"Paroxetine"	"A0215163"	"RCD"	"Paroxetine"	"C0070122"	"Paroxetine"	NA
"Pasireotide"	"A21084818"	"NDDF"	"pasireotide"	"C1872203"	"pasireotide"	NA
"Pazopanib"	"A11917792"	"PDQ"	"pazopanib"	"C1831796"	"pazopanib"	NA
"Pefloxacine"	"A17975676"	"NDFRT"	"Pefloxacine"	"C0030771"	"Pefloxacin"	NA
"Pembrolizumab"	"A24141821"	"RXNORM"	"pembrolizumab"	"C3658706"	"pembrolizumab"	NA
"Penfluridol"	"A13037691"	"MSHCZE"	"penfluridol"	"C0030815"	"Penfluridol"	NA
"Penicillamine"	"A0098631"	"LCH"	"Penicillamine"	"C0030817"	"Penicillamine"	NA
"Pentamidine"	"A0098767"	"MMSL"	"Pentamidine"	"C0030863"	"Pentamidine"	NA
"Pentazocine"	"A0014228"	"LCH"	"Pentazocine"	"C0030873"	"Pentazocine"	NA
"Pentobarbital"	"A13050171"	"MSHCZE"	"pentobarbital"	"C0030883"	"Pentobarbital"	NA
"Pentostatine"	"A7658391"	"NCI"	"Pentostatine"	"C0030896"	"Pentostatin"	NA
"Perampanel"	"A20967239"	"NDDF"	"perampanel"	"C2698764"	"perampanel"	NA
"Pergolide"	"A0099168"	"RCD"	"Pergolide"	"C0031007"	"Pergolide"	NA
"Perindopril tert-butylamine"	"A0770530"	"RCD"	"Perindopril tert-butylamine"	"C0244718"	"Perindopril Erbumine"	NA
"Perphenazine"	"A0099663"	"MMSL"	"Perphenazine"	"C0031184"	"Perphenazine"	NA
"Pethidine"	"A0099893"	"RCD"	"Pethidine"	"C0025376"	"Meperidine"	NA
"Phenindione"	"A0100349"	"RCD"	"Phenindione"	"C0031406"	"Phenindione"	NA
"Pheniramine"	"A0100355"	"RCD"	"Pheniramine"	"C0031408"	"Pheniramine"	NA
"Phenobarbital"	"A0100369"	"MMSL"	"Phenobarbital"	"C0031412"	"Phenobarbital"	NA
"Phenoperidine"	"A0100411"	"RCD"	"Phenoperidine"	"C0031432"	"Phenoperidine"	NA
"Phenylbutazone"	"A0014238"	"LCH"	"Phenylbutazone"	"C0031463"	"Phenylbutazone"	NA
"Phenylephrine"	"A0100487"	"RCD"	"Phenylephrine"	"C0031469"	"Phenylephrine"	NA
"Phenyltoloxamine"	"A0217048"	"MMSL"	"phenyltoloxamine"	"C0070709"	"phenyltoloxamine"	NA
"Pholcodine"	"A10337663"	"RXNORM"	"pholcodine"	"C0070742"	"pholcodine"	NA
"Phosphore"	"A7461342"	"MSHFRE"	"Phosphore"	"C0031705"	"Phosphorus"	NA
"Pilocarpine"	"A0101625"	"LCH"	"Pilocarpine"	"C0031923"	"Pilocarpine"	NA
"Pimethixene"	"A10337670"	"RXNORM"	"pimethixene"	"C0071069"	"pimethixene"	NA
"Pimozide"	"A0101657"	"RCD"	"Pimozide"	"C0031935"	"Pimozide"	NA
"Pinazepam"	"A21087647"	"NDDF"	"pinazepam"	"C0071082"	"pinazepam"	NA
"Pindolol"	"A13054512"	"MSHCZE"	"pindolol"	"C0031937"	"Pindolol"	NA
"Pioglitazone"	"A0217924"	"MMSL"	"pioglitazone"	"C0071097"	"pioglitazone"	NA
"Pipamperone"	"A10337674"	"RXNORM"	"pipamperone"	"C0071098"	"pipamperone"	NA
"Piperaquine"	"A20284522"	"NDDF"	"piperaquine"	"C0071105"	"piperaquine"	NA
"Piperazine"	"A0217953"	"AOD"	"piperazine"	"C0031957"	"piperazine"	NA
"Pipobroman"	"A13037743"	"MSHCZE"	"pipobroman"	"C0031965"	"Pipobroman"	NA
"Pipotiazine"	"A0773001"	"RCD"	"Pipotiazine"	"C0031968"	"pipothiazine"	NA
"Piretanide"	"A10337687"	"RXNORM"	"piretanide"	"C0071132"	"piretanide"	NA
"Piribedil"	"A13054517"	"MSHCZE"	"piribedil"	"C0031979"	"Piribedil"	NA
"Piroxicam"	"A0101784"	"LCH"	"Piroxicam"	"C0031990"	"Piroxicam"	NA
"Piroxicam-betadex"	"A6946275"	"SNOMEDCT_US"	"Piroxicam-betadex"	"C0209263"	"piroxicam-beta-cyclodextrin"	NA
"Pivampicilline"	"A7461627"	"MSHFRE"	"Pivampicilline"	"C0032032"	"Pivampicillin"	NA
"Pixantrone"	"A22728738"	"ATC"	"pixantrone"	"C0253355"	"pixantrone"	NA
"Pizotifene"	"A15919283"	"MSHITA"	"Pizotifene"	"C0032036"	"Pizotyline"	NA
"Plicamycine"	"A20001744"	"MSHFRE"	"Plicamycine"	"C0026234"	"Plicamycin"	NA
"Ponatinib"	"A21083441"	"MMSL"	"ponatinib"	"C2987417"	"ponatinib"	NA
"Posaconazole"	"A11558779"	"RXNORM"	"posaconazole"	"C0936148"	"posaconazole"	NA
"Potassium"	"A0103953"	"LCH"	"Potassium"	"C0032821"	"Potassium"	NA
"Potassium (citrate de)"	"A18948824"	"MSHFRE"	"Citrate de potassium"	"C0137996"	"potassium citrate"	NA
"Povidone"	"A0104087"	"LCH"	"Povidone"	"C0032856"	"Povidone"	NA
"Pramipexole"	"A12799475"	"NCI"	"Pramipexole"	"C0074710"	"Pramipexole"	NA
"Prasugrel"	"A26545290"	"MSHCZE"	"prasugrel"	"C1620287"	"prasugrel"	NA
"Pravastatine"	"A7462366"	"MSHFRE"	"Pravastatine"	"C0085542"	"Pravastatin"	NA
"Prazepam"	"A13037783"	"MSHCZE"	"prazepam"	"C0032910"	"Prazepam"	NA
"Prazosine"	"A7462369"	"MSHFRE"	"Prazosine"	"C0032912"	"Prazosin"	NA
"Prednisolone"	"A0487157"	"AOD"	"prednisolone"	"C0032950"	"prednisolone"	NA
"Prednisone"	"A0104386"	"LCH"	"Prednisone"	"C0032952"	"Prednisone"	NA
"Prilocaine"	"A0104886"	"MSH"	"Prilocaine"	"C0033124"	"Prilocaine"	NA
"Primidone"	"A0014270"	"MMSL"	"Primidone"	"C0033148"	"Primidone"	NA
"Procarbazine"	"A0105168"	"MSH"	"Procarbazine"	"C0033223"	"Procarbazine"	NA
"Prochlorperazine"	"A0105231"	"MMSL"	"Prochlorperazine"	"C0033229"	"Prochlorperazine"	NA
"Progesterone"	"A0105461"	"LCH"	"Progesterone"	"C0033308"	"Progesterone"	NA
"Proguanil"	"A18956183"	"MSHCZE"	"proguanil"	"C0008241"	"Proguanil"	NA
"Promegestone"	"A10336275"	"RXNORM"	"Promegestone"	"C0033401"	"Promegestone"	NA
"Promestriene"	"A10337727"	"RXNORM"	"promestriene"	"C0072151"	"promestriene"	NA
"Promethazine"	"A0105776"	"RCD"	"Promethazine"	"C0033405"	"Promethazine"	NA
"Propafenone"	"A0105845"	"LCH"	"Propafenone"	"C0033429"	"Propafenone"	NA
"Propericiazine"	"A18556455"	"CHV"	"propericiazine"	"C0033459"	"periciazine"	NA
"Propranolol"	"A13046226"	"MSHCZE"	"propranolol"	"C0033497"	"Propranolol"	NA
"Prucalopride"	"A20065212"	"NDDF"	"prucalopride"	"C0913506"	"prucalopride"	NA
"Pseudoephedrine"	"A0107097"	"RCD"	"Pseudoephedrine"	"C0033798"	"Pseudoephedrine"	NA
"Pyridostigmine"	"A0108272"	"RCD"	"Pyridostigmine"	"C0034261"	"Pyridostigmine"	NA
"Quetiapine"	"A10340695"	"RXNORM"	"quetiapine"	"C0123091"	"quetiapine"	NA
"Quinagolide"	"A10338306"	"RXNORM"	"quinagolide"	"C0256089"	"quinagolide"	NA
"Quinapril"	"A0222582"	"MMSL"	"quinapril"	"C0072857"	"quinapril"	NA
"Quinidine"	"A0108636"	"LCH"	"Quinidine"	"C0034414"	"Quinidine"	NA
"Quinine"	"A0014302"	"LCH"	"Quinine"	"C0034417"	"Quinine"	NA
"Rabeprazole"	"A10339491"	"RXNORM"	"rabeprazole"	"C0378482"	"rabeprazole"	NA
"Raltitrexed"	"A10339492"	"RXNORM"	"raltitrexed"	"C0677667"	"raltitrexed"	NA
"Ramipril"	"A13068101"	"MSHCZE"	"ramipril"	"C0072973"	"Ramipril"	NA
"Ramucirumab"	"A17401260"	"MSH"	"ramucirumab"	"C2742502"	"ramucirumab"	NA
"Ranitidine"	"A0109316"	"LCH"	"Ranitidine"	"C0034665"	"Ranitidine"	NA
"Rasagiline"	"A10339691"	"RXNORM"	"rasagiline"	"C0525678"	"rasagiline"	NA
"Remifentanil"	"A0488290"	"MMSL"	"remifentanil"	"C0246631"	"remifentanil"	NA
"Repaglinide"	"A0488323"	"MMSL"	"repaglinide"	"C0246689"	"repaglinide"	NA
"Reteplase"	"A10340453"	"RXNORM"	"Reteplase"	"C0256103"	"Reteplase"	NA
"Retigabine"	"A20253930"	"NCI"	"Retigabine"	"C0530684"	"ezogabine"	NA
"Reviparine"	"A0488443"	"MSH"	"reviparine"	"C0254215"	"reviparin"	NA
"Rhubarbe"	"A15904960"	"MSHFRE"	"Rhubarbe"	"C0035509"	"Rhubarb food"	NA
"Ricin"	"A15900374"	"MSHFRE"	"Ricin"	"C0007341"	"Ricinus communis"	NA
"Ricinus communis"	"A8204546"	"MSHDUT"	"Ricinus communis"	"C0007341"	"Ricinus communis"	NA
"Rifabutine"	"A17930684"	"NDFRT"	"Rifabutine"	"C0140575"	"Rifabutin"	NA
"Rifampicine"	"A7465561"	"MSHFRE"	"Rifampicine"	"C0035608"	"Rifampin"	NA
"Rilmenidine"	"A10337774"	"RXNORM"	"rilmenidine"	"C0140591"	"rilmenidine"	NA
"Riociguat"	"A23070987"	"RXNORM"	"riociguat"	"C2717561"	"riociguat"	NA
"Risperidone"	"A0581188"	"RCD"	"Risperidone"	"C0073393"	"Risperidone"	NA
"Ritodrine"	"A0112677"	"LCH"	"Ritodrine"	"C0035661"	"Ritodrine"	NA
"Ritonavir"	"A13047265"	"MSHCZE"	"ritonavir"	"C0292818"	"Ritonavir"	NA
"Rivaroxaban"	"A26523599"	"MSHCZE"	"rivaroxaban"	"C1739768"	"rivaroxaban"	NA
"Rivastigmine"	"A10340701"	"RXNORM"	"rivastigmine"	"C0649350"	"rivastigmine"	NA
"Rizatriptan"	"A10339692"	"RXNORM"	"rizatriptan"	"C0297635"	"rizatriptan"	NA
"Rocuronium"	"A0785977"	"RCD"	"Rocuronium"	"C0209337"	"Rocuronium"	NA
"Rofecoxib"	"A10351697"	"RXNORM"	"rofecoxib"	"C0762662"	"rofecoxib"	NA
"Ropinirole"	"A10338314"	"RXNORM"	"ropinirole"	"C0244821"	"ropinirole"	NA
"Rosiglitazone"	"A10351698"	"RXNORM"	"rosiglitazone"	"C0289313"	"rosiglitazone"	NA
"Rosuvastatine"	"A26538767"	"MSHFRE"	"Rosuvastatine"	"C0965129"	"rosuvastatin"	NA
"Rotavirus"	"A13057173"	"MSHCZE"	"Rotavirus"	"C0035870"	"Rotavirus"	NA
"Rotigotine"	"A10883629"	"SNOMEDCT_US"	"Rotigotine"	"C1700683"	"Rotigotine"	NA
"Roxatidine"	"A22723607"	"ATC"	"roxatidine"	"C0378091"	"roxatidine"	NA
"Roxithromycine"	"A7465650"	"MSHFRE"	"Roxithromycine"	"C0035891"	"Roxithromycin"	NA
"Rupatadine"	"A22731284"	"ATC"	"rupatadine"	"C0534301"	"rupatadine"	NA
"Ruxolitinib"	"A18465272"	"MSH"	"ruxolitinib"	"C2931926"	"ruxolitinib"	NA
"Salbutamol"	"A13044708"	"MSHCZE"	"salbutamol"	"C0001927"	"Albuterol"	NA
"Saquinavir"	"A13051356"	"MSHCZE"	"saquinavir"	"C0286738"	"Saquinavir"	NA
"Scopolamine"	"A0114713"	"LCH"	"Scopolamine"	"C0036442"	"Scopolamine"	NA
"Secbutabarbital"	"A17936673"	"NDFRT"	"secbutabarbital"	"C0006464"	"butabarbital"	NA
"Secnidazole"	"A10337792"	"RXNORM"	"secnidazole"	"C0074246"	"secnidazole"	NA
"Secobarbital"	"A0114925"	"SNM"	"Secobarbital"	"C0036516"	"Secobarbital"	NA
"Selegiline"	"A0115118"	"RCD"	"Selegiline"	"C0036579"	"Selegiline"	NA
"Sene"	"A23586885"	"MSHPOR"	"Sene"	"C0950048"	"Senna Plant"	NA
"Sertraline"	"A0794841"	"RCD"	"Sertraline"	"C0074393"	"Sertraline"	NA
"Sevelamer"	"A26541674"	"MSHCZE"	"sevelamer"	"C0718050"	"sevelamer"	NA
"Sevoflurane"	"A0227455"	"MMSL"	"sevoflurane"	"C0074414"	"sevoflurane"	NA
"Sibutramine"	"A0227746"	"MMSL"	"sibutramine"	"C0074493"	"sibutramine"	NA
"Sildenafil"	"A26534442"	"MSHCZE"	"Sildenafil"	"C0529793"	"sildenafil"	NA
"Silicone"	"A0116491"	"RCD"	"Silicone"	"C0037114"	"Silicones"	NA
"Simvastatine"	"A7466499"	"MSHFRE"	"Simvastatine"	"C0074554"	"Simvastatin"	NA
"Sirolimus"	"A13064285"	"MSHCZE"	"sirolimus"	"C0072980"	"Sirolimus"	NA
"Sitagliptine"	"A26538788"	"MSHFRE"	"Sitagliptine"	"C1565750"	"sitagliptin"	NA
"Sodium (bicarbonate de)"	"A11383499"	"MSHFRE"	"Bicarbonate de sodium"	"C0074722"	"Sodium Bicarbonate"	NA
"Sodium (docusate de)"	"A18941922"	"MSHFRE"	"Docusate de sodium"	"C0243237"	"Docusate Sodium"	NA
"Sodium (nitroprussiate de)"	"A13446114"	"MSHFRE"	"Nitroprussiate de sodium"	"C0037533"	"Sodium Nitroprusside"	NA
"Sorafenib"	"A10075452"	"MMSL"	"sorafenib"	"C1516119"	"sorafenib"	NA
"Sotalol"	"A13054812"	"MSHCZE"	"sotalol"	"C0037707"	"Sotalol"	NA
"Spectinomycine"	"A7466913"	"MSHFRE"	"Spectinomycine"	"C0001268"	"Spectinomycin"	NA
"Spiramycine"	"A18048135"	"NDFRT"	"Spiramycine"	"C0037962"	"Spiramycin"	NA
"Spirapril"	"A10337829"	"RXNORM"	"spirapril"	"C0075007"	"spirapril"	NA
"Spironolactone"	"A0118679"	"LCH"	"Spironolactone"	"C0037982"	"Spironolactone"	NA
"Streptokinase"	"A0120038"	"LCH"	"Streptokinase"	"C0038418"	"Streptokinase"	NA
"Streptomycine"	"A7467289"	"MSHFRE"	"Streptomycine"	"C0038425"	"Streptomycin"	NA
"Streptozocine"	"A7467293"	"MSHFRE"	"Streptozocine"	"C0038432"	"Streptozocin"	NA
"Sufentanil"	"A13059619"	"MSHCZE"	"sufentanil"	"C0143993"	"Sufentanil"	NA
"Sulfacetamide"	"A0120834"	"RCDAE"	"Sulfacetamide"	"C0038670"	"Sulfacetamide"	NA
"Sulfadiazine"	"A0120849"	"RCDAE"	"Sulfadiazine"	"C0038675"	"Sulfadiazine"	NA
"Sulfadoxine"	"A0120865"	"SNMI"	"Sulfadoxine"	"C0038679"	"Sulfadoxine"	NA
"Sulfafurazol"	"A15896867"	"MSHFRE"	"Sulfafurazol"	"C0038745"	"Sulfisoxazole"	NA
"Sulfaguanidine"	"A0120871"	"RCDAE"	"Sulfaguanidine"	"C0038681"	"Sulfaguanidine"	NA
"Sulfamethizol"	"A13067620"	"MSHCZE"	"sulfamethizol"	"C0038687"	"Sulfamethizole"	NA
"Sulfamethoxazole"	"A0120897"	"MMSL"	"Sulfamethoxazole"	"C0038689"	"Sulfamethoxazole"	NA
"Sulfamoxole"	"A0120917"	"SNM"	"Sulfamoxole"	"C0038700"	"Sulfamoxole"	NA
"Sulfasalazine"	"A0120943"	"RCD"	"Sulfasalazine"	"C0036078"	"Sulfasalazine"	NA
"Sulindac"	"A0121162"	"LCH"	"Sulindac"	"C0038792"	"Sulindac"	NA
"Sulpiride"	"A0121199"	"RCD"	"Sulpiride"	"C0038803"	"Sulpiride"	NA
"Sultopride"	"A10337849"	"RXNORM"	"sultopride"	"C0075630"	"sultopride"	NA
"Sumatriptan"	"A13042935"	"MSHCZE"	"sumatriptan"	"C0075632"	"Sumatriptan"	NA
"Sunitinib"	"A10005108"	"MSH"	"sunitinib"	"C1176020"	"sunitinib"	NA
"Suxamethonium"	"A0121676"	"RCD"	"Suxamethonium"	"C0038627"	"Succinylcholine"	NA
"Synephrine"	"A0122232"	"SNMI"	"Synephrine"	"C0039086"	"Synephrine"	NA
"Tacrolimus"	"A0586765"	"MSH"	"Tacrolimus"	"C0085149"	"Tacrolimus"	NA
"Tadalafil"	"A26537995"	"MSHCZE"	"tadalafil"	"C1176316"	"tadalafil"	NA
"Tapentadol"	"A16027573"	"RXNORM"	"tapentadol"	"C2001271"	"tapentadol"	NA
"Tegafur"	"A0123831"	"MSH"	"Tegafur"	"C0016778"	"Tegafur"	NA
"Telaprevir"	"A19299814"	"RXNORM"	"telaprevir"	"C1876229"	"telaprevir"	NA
"Telmisartan"	"A0836213"	"MMSL"	"telmisartan"	"C0248719"	"telmisartan"	NA
"Temazepam"	"A13059158"	"MSHCZE"	"temazepam"	"C0039468"	"Temazepam"	NA
"Temozolomide"	"A0232350"	"CSP"	"temozolomide"	"C0076080"	"temozolomide"	NA
"Temsirolimus"	"A11919312"	"PDQ"	"temsirolimus"	"C1707080"	"temsirolimus"	NA
"Tenecteplase"	"A10501702"	"RXNORM"	"Tenecteplase"	"C0872913"	"Tenecteplase"	NA
"Tenofovir disoproxil"	"A26532108"	"MSHGER"	"Tenofovir-Disoproxil"	"C0384228"	"Tenofovir"	NA
"Tenonitrozole"	"A10363129"	"RXNORM"	"TENONITROZOLE"	"C0771436"	"TENONITROZOLE"	NA
"Tenoxicam"	"A10337868"	"RXNORM"	"tenoxicam"	"C0076096"	"tenoxicam"	NA
"Terazosine"	"A18595202"	"CHV"	"terazosine"	"C0076107"	"Terazosin"	NA
"Terbutaline"	"A0124095"	"RCD"	"Terbutaline"	"C0039542"	"Terbutaline"	NA
"Teriflunomide"	"A20925151"	"RXNORM"	"teriflunomide"	"C1718383"	"teriflunomide"	NA
"Terpine"	"A18677230"	"CHV"	"terpine"	"C0544321"	"terpine"	NA
"Terpineol"	"A0805762"	"RCD"	"Terpineol"	"C0348029"	"Terpineol"	NA
"Terpinol"	"A16481023"	"MSH"	"beta-terpinol"	"C2605025"	"1-methyl-4-(1-methylethenyl)cyclohexanal"	NA
"Tertatolol"	"A10337876"	"RXNORM"	"tertatolol"	"C0076166"	"tertatolol"	NA
"Testosterone"	"A0124354"	"LCH"	"Testosterone"	"C0039601"	"Testosterone"	NA
"Tetrabenazine"	"A0124542"	"RCD"	"Tetrabenazine"	"C0039623"	"Tetrabenazine"	NA
"Tetracosactide"	"A0124568"	"RCD"	"Tetracosactide"	"C0010192"	"Cosyntropin"	NA
"Tetracycline"	"A0124574"	"LCH"	"Tetracycline"	"C0039644"	"Tetracycline"	NA
"Tetrazepam"	"A10337884"	"RXNORM"	"tetrazepam"	"C0076341"	"tetrazepam"	NA
"Tetryzoline"	"A5050196"	"SNOMEDCT_US"	"Tetryzoline"	"C0076286"	"tetrahydrozoline"	NA
"Thalidomide"	"A0124779"	"LCH"	"Thalidomide"	"C0039736"	"Thalidomide"	NA
"Thenyldiamine"	"A10337887"	"RXNORM"	"thenyldiamine"	"C0076383"	"thenyldiamine"	NA
"Theodrenaline"	"A20975814"	"MSH"	"theodrenaline"	"C0068955"	"theodrenaline"	NA
"Theophylline"	"A0124906"	"LCH"	"Theophylline"	"C0039771"	"Theophylline"	NA
"Thiomersal"	"A0125439"	"RCD"	"Thiomersal"	"C0039867"	"Thimerosal"	NA
"Thiopental"	"A13042381"	"MSHCZE"	"thiopental"	"C0039925"	"Thiopental"	NA
"Thioproperazine"	"A10338319"	"RXNORM"	"thioproperazine"	"C0039936"	"thioproperazine"	NA
"Thiotepa"	"A13054914"	"MSHCZE"	"thiotepa"	"C0039871"	"Thiotepa"	NA
"Thymol"	"A13067688"	"MSHCZE"	"thymol"	"C0040096"	"Thymol"	NA
"Tiagabine"	"A0233704"	"MSH"	"tiagabine"	"C0068897"	"tiagabine"	NA
"Tiapride"	"A10336599"	"RXNORM"	"Tiapride"	"C0040180"	"Tiapride"	NA
"Ticagrelor"	"A16756422"	"NCI"	"Ticagrelor"	"C1999375"	"Ticagrelor"	NA
"Ticarcilline"	"A7468815"	"MSHFRE"	"Ticarcilline"	"C0040193"	"Ticarcillin"	NA
"Ticlopidine"	"A0126243"	"LCH"	"Ticlopidine"	"C0040207"	"Ticlopidine"	NA
"Tigecycline"	"A10499458"	"RXNORM"	"tigecycline"	"C1260298"	"tigecycline"	NA
"Timolol"	"A13063380"	"MSHCZE"	"timolol"	"C0040233"	"Timolol"	NA
"Tinidazole"	"A0126365"	"MSH"	"Tinidazole"	"C0040263"	"Tinidazole"	NA
"Tioclomarol"	"A10340708"	"RXNORM"	"tioclomarol"	"C0612505"	"tioclomarol"	NA
"Tioguanine"	"A10765489"	"NCI"	"Tioguanine"	"C0039902"	"Thioguanine"	NA
"Tipranavir"	"A10351699"	"RXNORM"	"tipranavir"	"C0663733"	"tipranavir"	NA
"Tiratricol"	"A0365346"	"MSH"	"tiratricol"	"C0046882"	"tiratricol"	NA
"Tirofiban"	"A0836576"	"MMSL"	"tirofiban"	"C0247025"	"tirofiban"	NA
"Tobramycine"	"A7468873"	"MSHFRE"	"Tobramycine"	"C0040341"	"Tobramycin"	NA
"Tocilizumab"	"A17288635"	"RXNORM"	"tocilizumab"	"C1609165"	"tocilizumab"	NA
"Tolbutamide"	"A0126647"	"LCH"	"Tolbutamide"	"C0040374"	"Tolbutamide"	NA
"Tolcapone"	"A0490605"	"MMSL"	"tolcapone"	"C0246330"	"tolcapone"	NA
"Tolterodine"	"A26534446"	"MSHCZE"	"Tolterodine"	"C0388753"	"tolterodine"	NA
"Topiramate"	"A0234184"	"CSP"	"topiramate"	"C0076829"	"topiramate"	NA
"Torasemide"	"A0808178"	"RCD"	"Torasemide"	"C0076840"	"torsemide"	NA
"Toremifene"	"A0234216"	"MSH"	"Toremifene"	"C0076836"	"Toremifene"	NA
"Tramadol"	"A13046579"	"MSHCZE"	"tramadol"	"C0040610"	"Tramadol"	NA
"Trandolapril"	"A0234384"	"MMSL"	"trandolapril"	"C0076891"	"trandolapril"	NA
"Trastuzumab"	"A26520015"	"MSHCZE"	"trastuzumab"	"C0728747"	"trastuzumab"	NA
"Triamcinolone"	"A0128198"	"LCH"	"Triamcinolone"	"C0040864"	"Triamcinolone"	NA
"Triamterene"	"A0128210"	"LCH"	"Triamterene"	"C0040869"	"Triamterene"	NA
"Trifluoperazine"	"A0014338"	"MSH"	"Trifluoperazine"	"C0040979"	"Trifluoperazine"	NA
"Trifluperidol"	"A13054971"	"MSHCZE"	"trifluperidol"	"C0040988"	"Trifluperidol"	NA
"Trimipramine"	"A0128636"	"LCH"	"Trimipramine"	"C0041056"	"Trimipramine"	NA
"Trinitrine"	"A7469470"	"MSHFRE"	"Trinitrine"	"C0017887"	"Nitroglycerin"	NA
"Triprolidine"	"A0128734"	"RCD"	"Triprolidine"	"C0041098"	"Triprolidine"	NA
"Trometamol"	"A10762600"	"NCI"	"Trometamol"	"C0041175"	"Tromethamine"	NA
"Tropatepine"	"A10337954"	"RXNORM"	"tropatepine"	"C0077388"	"tropatepine"	NA
"Tropicamide"	"A0128934"	"MMSL"	"Tropicamide"	"C0041190"	"Tropicamide"	NA
"Trospium"	"A10501756"	"RXNORM"	"Trospium"	"C0772089"	"Trospium"	NA
"Tuaminoheptane"	"A14174828"	"MEDCIN"	"tuaminoheptane"	"C0642440"	"tuaminoheptane"	NA
"Tymazoline"	"A24180258"	"NDDF"	"tymazoline"	"C0771442"	"tymazoline"	NA
"Ulipristal"	"A18442779"	"RXNORM"	"ulipristal"	"C0300205"	"ulipristal"	NA
"Urapidil"	"A10337963"	"RXNORM"	"urapidil"	"C0077857"	"urapidil"	NA
"Urokinase"	"A0130743"	"LCH"	"Urokinase"	"C0042071"	"Urokinase"	NA
"Ustekinumab"	"A26523598"	"MSHCZE"	"ustekinumab"	"C1608841"	"ustekinumab"	NA
"Valaciclovir"	"A0491400"	"CSP"	"valaciclovir"	"C0249458"	"valacyclovir"	NA
"Valdecoxib"	"A10381458"	"RXNORM"	"valdecoxib"	"C0913246"	"valdecoxib"	NA
"Valganciclovir"	"A10381459"	"RXNORM"	"valganciclovir"	"C0909381"	"valganciclovir"	NA
"Valpromide"	"A23473852"	"SNOMEDCT_US"	"Valpromide"	"C0058426"	"dipropylacetamide"	NA
"Valsartan"	"A0375838"	"MMSL"	"valsartan"	"C0216784"	"valsartan"	NA
"Vancomycine"	"A7470366"	"MSHFRE"	"Vancomycine"	"C0042313"	"Vancomycin"	NA
"Vandetanib"	"A12808607"	"NCI"	"Vandetanib"	"C1628324"	"Vandetanib"	NA
"Vardenafil"	"A10387356"	"RXNORM"	"vardenafil"	"C0971579"	"vardenafil"	NA
"Vecuronium"	"A0131753"	"MMSL"	"Vecuronium"	"C0242531"	"Vecuronium"	NA
"Vedolizumab"	"A24024569"	"RXNORM"	"vedolizumab"	"C2742797"	"vedolizumab"	NA
"Venlafaxine"	"A0237696"	"CSP"	"venlafaxine"	"C0078569"	"venlafaxine"	NA
"Verapamil"	"A13042501"	"MSHCZE"	"verapamil"	"C0042523"	"Verapamil"	NA
"Vinbarbital"	"A0817270"	"SNM"	"Vinbarbital"	"C0301408"	"Vinbarbital"	NA
"Vinblastine"	"A0132482"	"LCH"	"Vinblastine"	"C0042670"	"Vinblastine"	NA
"Vincamine"	"A0132498"	"LCH"	"Vincamine"	"C0042674"	"Vincamine"	NA
"Vincristine"	"A0132505"	"LCH"	"Vincristine"	"C0042679"	"Vincristine"	NA
"Vindesine"	"A0132520"	"LCH"	"Vindesine"	"C0042682"	"Vindesine"	NA
"Vinflunine"	"A20021239"	"NDDF"	"vinflunine"	"C0672663"	"vinflunine"	NA
"Vinorelbine"	"A0237909"	"MMSL"	"vinorelbine"	"C0078257"	"vinorelbine"	NA
"Vinylbital"	"A22723428"	"ATC"	"vinylbital"	"C0054306"	"butylvinal"	NA
"Virus des oreillons"	"A20007405"	"MSHFRE"	"Virus des oreillons"	"C0026783"	"Mumps virus"	NA
"Voriconazole"	"A10339694"	"RXNORM"	"voriconazole"	"C0393080"	"voriconazole"	NA
"Warfarine"	"A7471213"	"MSHFRE"	"Warfarine"	"C0043031"	"Warfarin"	NA
"Xipamide"	"A0134573"	"RCD"	"Xipamide"	"C0043355"	"Xipamide"	NA
"Ziconotide"	"A10340718"	"RXNORM"	"ziconotide"	"C0211011"	"ziconotide"	NA
"Zofenopril"	"A10337991"	"RXNORM"	"zofenopril"	"C0078836"	"zofenopril"	NA
"Zolmitriptan"	"A10339697"	"RXNORM"	"zolmitriptan"	"C0528166"	"zolmitriptan"	NA
"Zolpidem"	"A13063065"	"MSHCZE"	"zolpidem"	"C0034255"	"Pyridines"	NA
"Zonisamide"	"A0239719"	"MMSL"	"zonisamide"	"C0078844"	"zonisamide"	NA
"Zopiclone"	"A10337997"	"RXNORM"	"zopiclone"	"C0078847"	"zopiclone"	NA
"Zuclopenthixol"	"A0135046"	"RCD"	"Zuclopenthixol"	"C0376160"	"Zuclopenthixol"	NA
"Abatacept"	"A26523605"	"MSHCZE"	"abatacept"	"C1619966"	"abatacept"	NA
"Abiraterone"	"A19311056"	"RXNORM"	"abiraterone"	"C0754011"	"abiraterone"	NA
"Acide ascorbique"	"A7439878"	"MSHFRE"	"Acide ascorbique"	"C0003968"	"Ascorbic Acid"	NA
"Acide cholique"	"A7439902"	"MSHFRE"	"Acide cholique"	"C0055568"	"Cholic Acid"	NA
"Acide fusidique"	"A7439942"	"MSHFRE"	"Acide fusidique"	"C0016875"	"Fusidic Acid"	NA
"Acide nicotinique"	"A7440004"	"MSHFRE"	"Acide nicotinique"	"C0027996"	"Niacin"	NA
"Afatinib"	"A19030700"	"NCI"	"Afatinib"	"C2987648"	"Afatinib"	NA
"Albendazole"	"A0021236"	"RCD"	"Albendazole"	"C0001911"	"Albendazole"	NA
"Alpha-tocopherol"	"A0003090"	"MSH"	"alpha Tocopherol"	"C0969677"	"alpha Tocopherol"	NA
"Ambrisentan"	"A12939157"	"RXNORM"	"ambrisentan"	"C1176329"	"ambrisentan"	NA
"Aminoglutethimide"	"A0022765"	"MSH"	"Aminoglutethimide"	"C0002555"	"Aminoglutethimide"	NA
"Anagrelide"	"A0161163"	"MMSL"	"anagrelide"	"C0051809"	"anagrelide"	NA
"Anakinra"	"A13526760"	"MSHCZE"	"anakinra"	"C0245109"	"anakinra"	NA
"Aprepitant"	"A10483523"	"RXNORM"	"aprepitant"	"C1176306"	"aprepitant"	NA
"Ataluren"	"A24637813"	"NDDF"	"ataluren"	"C2930764"	"ataluren"	NA
"Atovaquone"	"A0649153"	"RCD"	"Atovaquone"	"C0165603"	"Atovaquone"	NA
"Aztreonam"	"A13057485"	"MSHCZE"	"aztreonam"	"C0004521"	"Aztreonam"	NA
"Bedaquiline"	"A21149281"	"MMSL"	"bedaquiline"	"C1664205"	"bedaquiline"	NA
"Belatacept"	"A19394802"	"NDDF"	"belatacept"	"C1619962"	"belatacept"	NA
"Bosentan"	"A0474964"	"MMSL"	"bosentan"	"C0252643"	"bosentan"	NA
"Buspirone"	"A0033413"	"RCD"	"Buspirone"	"C0006462"	"Buspirone"	NA
"Calcitonine"	"A7444518"	"MSHFRE"	"Calcitonine"	"C0006668"	"Calcitonin"	NA
"Calcium"	"A0033964"	"LCH"	"Calcium"	"C0006675"	"Calcium"	NA
"Cefoperazone"	"A0036217"	"SNMI"	"Cefoperazone"	"C0007552"	"Cefoperazone"	NA
"Cefotetan"	"A13055115"	"MSHCZE"	"cefotetan"	"C0007555"	"Cefotetan"	NA
"Ceftriaxone"	"A0036258"	"RCD"	"Ceftriaxone"	"C0007561"	"Ceftriaxone"	NA
"Cinacalcet"	"A10634386"	"RXNORM"	"cinacalcet"	"C1337242"	"cinacalcet"	NA
"Colchicine"	"A0040699"	"MMSL"	"Colchicine"	"C0009262"	"Colchicine"	NA
"Cyanocobalamine"	"A7447703"	"MSHFRE"	"Cyanocobalamine"	"C0042845"	"Vitamin B 12"	NA
"Daclatasvir"	"A20041278"	"MSH"	"daclatasvir"	"C3252090"	"daclatasvir"	NA
"Danazol"	"A13066295"	"MSHCZE"	"danazol"	"C0010961"	"Danazol"	NA
"Dantrolene"	"A0045331"	"LCH"	"Dantrolene"	"C0010976"	"Dantrolene"	NA
"Daptomycine"	"A7447994"	"MSHFRE"	"Daptomycine"	"C0057144"	"Daptomycin"	NA
"Dasabuvir"	"A24126012"	"MSH"	"dasabuvir"	"C3852512"	"dasabuvir"	NA
"Deferasirox"	"A10728579"	"RXNORM"	"deferasirox"	"C1619629"	"deferasirox"	NA
"Deferiprone"	"A10338112"	"RXNORM"	"deferiprone"	"C0043832"	"deferiprone"	NA
"Deferoxamine"	"A0045809"	"SNMI"	"Deferoxamine"	"C0011145"	"Deferoxamine"	NA
"Defibrotide"	"A0177780"	"MSH"	"defibrotide"	"C0057257"	"defibrotide"	NA
"Delamanid"	"A26589425"	"SNOMEDCT_US"	"Delamanid"	"C3489682"	"Delamanid"	NA
"Didanosine"	"A0048465"	"RCD"	"Didanosine"	"C0012133"	"Didanosine"	NA
"Diprophylline"	"A10760681"	"NCI"	"Diprophylline"	"C0013360"	"Dyphylline"	NA
"Dipyridamole"	"A0049464"	"MMSL"	"Dipyridamole"	"C0012582"	"Dipyridamole"	NA
"Ebastine"	"A10337188"	"RXNORM"	"ebastine"	"C0058895"	"ebastine"	NA
"Econazole"	"A0052569"	"RCD"	"Econazole"	"C0013547"	"Econazole"	NA
"Eltrombopag"	"A11916286"	"PDQ"	"eltrombopag"	"C1831905"	"eltrombopag"	NA
"Etravirine"	"A14206242"	"RXNORM"	"etravirine"	"C1456409"	"etravirine"	NA
"Exemestane"	"A0295698"	"MMSL"	"exemestane"	"C0851344"	"exemestane"	NA
"Ezetimibe"	"A10413553"	"RXNORM"	"ezetimibe"	"C1142985"	"ezetimibe"	NA
"Flucytosine"	"A0059839"	"RCD"	"Flucytosine"	"C0016278"	"Flucytosine"	NA
"Glycerol"	"A13053827"	"MSHCZE"	"glycerol"	"C0017861"	"Glycerin"	NA
"Guanethidine"	"A0065185"	"RCD"	"Guanethidine"	"C0018318"	"Guanethidine"	NA
"Idelalisib"	"A24115347"	"NDDF"	"idelalisib"	"C2698692"	"idelalisib"	NA
"Insuline"	"A7454961"	"MSHFRE"	"Insuline"	"C0021641"	"Insulin"	NA
"Interferon alfa"	"A13046940"	"MSHCZE"	"interferon alfa"	"C0002199"	"Interferon-alpha"	NA
"Isavuconazole"	"A11916311"	"PDQ"	"isavuconazole"	"C1832021"	"isavuconazole"	NA
"Isoprenaline"	"A0076109"	"RCD"	"Isoprenaline"	"C0022245"	"Isoproterenol"	NA
"Ivacaftor"	"A20173002"	"NDDF"	"ivacaftor"	"C3264621"	"ivacaftor"	NA
"Lamivudine"	"A0729718"	"RCD"	"Lamivudine"	"C0209738"	"Lamivudine"	NA
"Lenalidomide"	"A10075449"	"MMSL"	"lenalidomide"	"C1144149"	"lenalidomide"	NA
"Levocarnitine"	"A10349987"	"RXNORM"	"Levocarnitine"	"C0087163"	"Levocarnitine"	NA
"Lithium"	"A13037370"	"MSHCZE"	"lithium"	"C0023870"	"Lithium"	NA
"Lomitapide"	"A18451897"	"MSH"	"lomitapide"	"C2827241"	"lomitapide"	NA
"Lurasidone"	"A18723839"	"RXNORM"	"lurasidone"	"C2003424"	"lurasidone"	NA
"Macitentan"	"A19022716"	"NCI"	"Macitentan"	"C2606556"	"Macitentan"	NA
"Mannitol"	"A13054150"	"MSHCZE"	"mannitol"	"C0024730"	"Mannitol"	NA
"Maraviroc"	"A13089483"	"RXNORM"	"maraviroc"	"C1667052"	"maraviroc"	NA
"Metformine"	"A7457652"	"MSHFRE"	"Metformine"	"C0025598"	"Metformin"	NA
"Methenamine"	"A0085605"	"RCD"	"Methenamine"	"C0025638"	"Methenamine"	NA
"Metyrapone"	"A0086161"	"RCD"	"Metyrapone"	"C0025876"	"Metyrapone"	NA
"Miconazole"	"A0086309"	"LCH"	"Miconazole"	"C0025942"	"Miconazole"	NA
"Mitotane"	"A0087119"	"MSH"	"Mitotane"	"C0026256"	"Mitotane"	NA
"Modafinil"	"A0204965"	"MMSL"	"modafinil"	"C0066677"	"modafinil"	NA
"Montelukast"	"A10350252"	"RXNORM"	"montelukast"	"C0298130"	"montelukast"	NA
"Mycophenolate mofetil"	"A0367768"	"CSP"	"mycophenolate mofetil"	"C0209368"	"mycophenolate mofetil"	NA
"Olaparib"	"A23910729"	"NCI_NCI-GLOSS"	"olaparib"	"C2316164"	"olaparib"	NA
"Ondansetron"	"A13051087"	"MSHCZE"	"ondansetron"	"C0061851"	"Ondansetron"	NA
"Orlistat"	"A0295573"	"CSP"	"orlistat"	"C0076275"	"orlistat"	NA
"Paracetamol"	"A24275359"	"MSHCZE"	"paracetamol"	"C0000970"	"Acetaminophen"	NA
"Peg-interferon alfa-2a"	"A18027224"	"NDFRT"	"PEG-interferon alfa-2A"	"C0391001"	"peginterferon alfa-2a"	NA
"Pemetrexed"	"A26534429"	"MSHCZE"	"pemetrexed"	"C0210657"	"pemetrexed"	NA
"Pentoxifylline"	"A0098846"	"MSH"	"Pentoxifylline"	"C0030899"	"Pentoxifylline"	NA
"Pirfenidone"	"A18636872"	"CHV"	"pirfenidone"	"C0298067"	"pirfenidone"	NA
"Polymyxine b"	"A7462063"	"MSHFRE"	"Polymyxine B"	"C0032535"	"Polymyxin B"	NA
"Praziquantel"	"A13050295"	"MSHCZE"	"praziquantel"	"C0032911"	"Praziquantel"	NA
"Pristinamycine"	"A7462542"	"MSHFRE"	"Pristinamycine"	"C0205996"	"Pristinamycin"	NA
"Pyrazinamide"	"A0108222"	"MMSL"	"Pyrazinamide"	"C0034239"	"Pyrazinamide"	NA
"Pyrimethamine"	"A0108321"	"RCD"	"Pyrimethamine"	"C0034283"	"Pyrimethamine"	NA
"Racecadotril"	"A18632053"	"CHV"	"racecadotril"	"C0050461"	"racecadotril"	NA
"Raltegravir"	"A26545301"	"MSHCZE"	"raltegravir"	"C1871526"	"raltegravir"	NA
"Ranolazine"	"A10052920"	"MMSL"	"ranolazine"	"C0073633"	"ranolazine"	NA
"Regorafenib"	"A20965876"	"RXNORM"	"regorafenib"	"C2980094"	"regorafenib"	NA
"Reserpine"	"A0111219"	"LCH"	"Reserpine"	"C0035179"	"Reserpine"	NA
"Ribavirine"	"A7465490"	"MSHFRE"	"Ribavirine"	"C0035525"	"Ribavirin"	NA
"Rilpivirine"	"A16765182"	"NCI"	"Rilpivirine"	"C1566826"	"Rilpivirine"	NA
"Rufinamide"	"A16028187"	"RXNORM"	"rufinamide"	"C0213404"	"rufinamide"	NA
"Salmeterol"	"A0226285"	"MMSL"	"salmeterol"	"C0073992"	"salmeterol"	NA
"Simeprevir"	"A26538062"	"MSHCZE"	"simeprevir"	"C2605855"	"simeprevir"	NA
"Sodium (chlorure de)"	"A11383237"	"MSHFRE"	"Chlorure de sodium"	"C0037494"	"Sodium Chloride"	NA
"Sofosbuvir"	"A26541661"	"MSHCZE"	"sofosbuvir"	"C2976303"	"sofosbuvir"	NA
"Sorbitol"	"A13042251"	"MSHCZE"	"sorbitol"	"C0037688"	"Sorbitol"	NA
"Stavudine"	"A0295265"	"RCD"	"Stavudine"	"C0164662"	"Stavudine"	NA
"Stiripentol"	"A21073769"	"NDDF"	"stiripentol"	"C0075262"	"stiripentol"	NA
"Strontium"	"A0120212"	"LCH"	"Strontium"	"C0038467"	"Strontium"	NA
"Sucralfate"	"A0120713"	"MMSL"	"Sucralfate"	"C0038633"	"Sucralfate"	NA
"Sulfinpyrazone"	"A0121045"	"LCH"	"Sulfinpyrazone"	"C0038742"	"Sulfinpyrazone"	NA
"Tamoxifene"	"A7554446"	"MSHITA"	"Tamoxifene"	"C0039286"	"Tamoxifen"	NA
"Telbivudine"	"A11276321"	"MSH"	"telbivudine"	"C1453933"	"telbivudine"	NA
"Terbinafine"	"A0232408"	"MMSL"	"terbinafine"	"C0076110"	"terbinafine"	NA
"Tiabendazole"	"A18631492"	"CHV"	"tiabendazole"	"C0039832"	"Thiabendazole"	NA
"Tianeptine"	"A0233710"	"AOD"	"tianeptine"	"C0076652"	"tianeptine"	NA
"Tibolone"	"A10337901"	"RXNORM"	"tibolone"	"C0076660"	"tibolone"	NA
"Triclabendazole"	"A18576582"	"CHV"	"triclabendazole"	"C0077071"	"triclabendazole"	NA
"Vemurafenib"	"A19613644"	"MTHSPL"	"Vemurafenib"	"C3192263"	"Vemurafenib"	NA
"Vidarabine"	"A0132421"	"MSH"	"Vidarabine"	"C0042646"	"Vidarabine"	NA
"Vismodegib"	"A19579748"	"MSH"	"vismodegib"	"C2987716"	"vismodegib"	NA
"Vitamine a"	"A20004288"	"MSHFRE"	"Vitamine A"	"C0042839"	"Vitamin A"	NA
"Yohimbine"	"A7535383"	"MSHGER"	"Yohimbine"	"C0043420"	"Yohimbans"	NA
"Zalcitabine"	"A0361170"	"MSH"	"Zalcitabine"	"C0012132"	"Zalcitabine"	NA
"Zidovudine"	"A0134898"	"MSH"	"Zidovudine"	"C0043474"	"Zidovudine"	NA
"Zinc"	"A0134924"	"LCH"	"Zinc"	"C0043481"	"Zinc"	NA
"Abciximab (c 7e3b fab)"	"A0591911"	"MMSL"	"abciximab"	"C0288672"	"abciximab"	"Abciximab"
"Acide acetohydroxamique"	"A0157353"	"MMSL"	"acetohydroxamic acid"	"C0050451"	"acetohydroxamic acid"	"Acid acetohydroxamic"
"Acide acetylsalicylique"	"A0018469"	"MTH"	"Acetylsalicylic Acid"	"C0004057"	"Aspirin"	"Acid acetylsalicylic"
"Acide alendronique"	"A10872916"	"SNOMEDCT_US"	"Alendronic acid"	"C0771311"	"Alendronic acid"	"Acid alendronic"
"Acide amidotrizoique"	"A26617060"	"MSH"	"Amidotrizoic Acid"	"C0002496"	"Amidotrizoic Acid"	"Acid amidotrizoic"
"P a s sodique"	"A13936635"	"MEDCIN"	"aminosalicylic acid"	"C0030125"	"aminosalicylic acid"	"acid aminosalicylic"
"Acide chenodesoxycholique"	"A0671383"	"SNM"	"Chenodesoxycholic acid"	"C0008024"	"Chenodeoxycholic Acid"	"Acid chenodesoxycholic"
"Acide etidronique"	"A12810996"	"NCI"	"Etidronic Acid"	"C0015121"	"Etidronic Acid"	"Acid etidronic"
"Acide ibandronique"	"A16795612"	"RXNORM"	"ibandronic acid"	"C0379200"	"ibandronic acid"	"Acid ibandronic"
"Acide ioxitalamique"	"A22730041"	"ATC"	"ioxitalamic acid"	"C0063830"	"ioxitalamic acid"	"Acid ioxitalamic"
"Acide medronique"	"A11769271"	"MTHSPL"	"Medronic Acid"	"C1366044"	"Medronic Acid"	"Acid medronic"
"Acide mefenamique"	"A10761517"	"NCI"	"Mefenamic Acid"	"C0025152"	"Mefenamic Acid"	"Acid mefenamic"
"Acide oxidronique"	"A24115870"	"RXNORM"	"Oxidronic Acid"	"C1337343"	"Oxidronic Acid"	"Acid oxidronic"
"Acide pamidronique"	"A22732408"	"ATC"	"pamidronic acid"	"C3714572"	"pamidronic acid"	"Acid pamidronic"
"Acide risedronique"	"A10338070"	"RXNORM"	"risedronic acid"	"C0140610"	"risedronic acid"	"Acid risedronic"
"Acide tiaprofenique"	"A16788079"	"RXNORM"	"tiaprofenic acid"	"C0076653"	"tiaprofenic acid"	"Acid tiaprofenic"
"Acide tiludronique"	"A10337905"	"RXNORM"	"tiludronic acid"	"C0043611"	"tiludronic acid"	"Acid tiludronic"
"Acide ursodesoxycholique"	"A0814926"	"RCD"	"Ursodesoxycholic acid"	"C0042105"	"Ursodiol"	"Acid ursodesoxycholic"
"Acide valproique"	"A0131324"	"MMSL"	"Valproic Acid"	"C0042291"	"Valproic Acid"	"Acid valproic"
"Acide zoledronique"	"A10339696"	"RXNORM"	"zoledronic acid"	"C0257685"	"zoledronic acid"	"Acid zoledronic"
"Acitretine"	"A13051080"	"MSHCZE"	"acitretin"	"C0050559"	"Acitretin"	"Acitretin "
"Aldesleukine"	"A0642116"	"CSP"	"Aldesleukin"	"C0218986"	"Aldesleukin"	"Aldesleukin "
"Alfuzosine"	"A10336826"	"RXNORM"	"alfuzosin"	"C0051150"	"alfuzosin"	"Alfuzosin "
"Alitretinoine"	"A10347053"	"RXNORM"	"alitretinoin"	"C0281666"	"alitretinoin"	"Alitretinoin "
"Alminoprofene"	"A10336834"	"RXNORM"	"alminoprofen"	"C0051247"	"alminoprofen"	"Alminoprofen "
"Alteplase recombinante"	"A1529625"	"MMSL"	"alteplase"	"C0032143"	"alteplase"	"Alteplase"
"Amphotericine b"	"A0023110"	"LCH"	"Amphotericin B"	"C0002679"	"Amphotericin B"	"Amphotericin b"
"Immunoglobuline de lapin anti-lymphocyte t humain"	"A22729226"	"ATC"	"antithymocyte immunoglobulin (rabbit)"	"C3652935"	"antithymocyte immunoglobulin (rabbit)"	"antithymocyte immunoglobulin (rabbit)"
"Bacampicilline"	"A0164145"	"MMSL"	"bacampicillin"	"C0052865"	"bacampicillin"	"Bacampicillin "
"Baclofene"	"A0028730"	"MMSL"	"Baclofen"	"C0004609"	"Baclofen"	"Baclofen "
"Benethamine-penicilline"	"A24176400"	"NDDF"	"benethamine penicillin"	"C0053102"	"benethamine penicillin"	"Benethamine penicillin"
"Benzylpenicilline"	"A0030026"	"RCD"	"Benzylpenicillin"	"C0030827"	"Penicillin G"	"Benzylpenicillin "
"Insuline asparte isophane biphasique"	"A3811759"	"SNOMEDCT_US"	"Biphasic insulin aspart"	"C1273270"	"Biphasic insulin aspart"	"Biphasic insulin aspart"
"Bivalirudine"	"A0826304"	"MMSL"	"bivalirudin"	"C0168273"	"bivalirudin"	"Bivalirudin "
"Botulique (toxine)"	"A0032288"	"MSH"	"Botulinum Toxins"	"C0006055"	"Botulinum Toxins"	"Botulinum Toxins"
"Cafeine"	"A0013995"	"LCH"	"Caffeine"	"C0006644"	"Caffeine"	"Caffeine"
"Canrenoate de potassium"	"A16791826"	"RXNORM"	"Canrenoate Potassium"	"C0006881"	"Canrenoate Potassium"	"Canrenoate Potassium"
"Cefalotine"	"A17997507"	"NDFRT"	"Cefalotin"	"C0007735"	"Cephalothin"	"Cefalotin "
"Charbon vegetal officinal"	"A0037395"	"LCH"	"Charcoal"	"C0007955"	"Charcoal"	"Charcoal"
"Citrate de gallium [67ga]"	"A1143669"	"MSH"	"gallium citrate"	"C0118642"	"gallium citrate"	"citrate gallium"
"Sodium (citrate de)"	"A18443362"	"RXNORM"	"potassium citrate / sodium citrate"	"C0770575"	"potassium citrate / sodium citrate"	"citrate sodium"
"Dalfopristine"	"A10351669"	"RXNORM"	"dalfopristin"	"C0756085"	"dalfopristin"	"Dalfopristin "
"Dalteparine sodique"	"A16761815"	"NCI"	"Dalteparin Sodium"	"C0282471"	"Dalteparin Sodium"	"Dalteparin sodium"
"Danaparoide sodique"	"A0684341"	"RCD"	"Danaparoid sodium"	"C0353453"	"Danaparoid sodium"	"Danaparoid sodium"
"Dexketoprofene trometamol"	"A16789554"	"RXNORM"	"dexketoprofen trometamol"	"C0765538"	"dexketoprofen trometamol"	"Dexketoprofen trometamol"
"Dextromethorphane"	"A0047808"	"MSH"	"Dextromethorphan"	"C0011816"	"Dextromethorphan"	"Dextromethorphan "
"Dibekacine"	"A13049301"	"MSHCZE"	"dibekacin"	"C0012024"	"Dibekacin"	"Dibekacin "
"Di(acefylline) diphenhydramine"	"A16795764"	"RXNORM"	"DIPHENHYDRAMINE DIACEFYLLINATE"	"C0771516"	"DIPHENHYDRAMINE DIACEFYLLINATE"	"DIPHENHYDRAMINE DIACEFYLLINATE"
"Dirithromycine"	"A0180658"	"MMSL"	"dirithromycin"	"C0058445"	"dirithromycin"	"Dirithromycin "
"Dosulepine"	"A24277126"	"MSHCZE"	"dosulepin"	"C0013065"	"Dothiepin"	"Dosulepin "
"Doxepine"	"A13053589"	"MSHCZE"	"doxepin"	"C0013085"	"Doxepin"	"Doxepin "
"Enoxacine"	"A13063566"	"MSHCZE"	"enoxacin"	"C0014310"	"Enoxacin"	"Enoxacin "
"Epirubicine"	"A13063555"	"MSHCZE"	"epirubicin"	"C0014582"	"Epirubicin"	"Epirubicin "
"Eribuline"	"A18731361"	"RXNORM"	"eribulin"	"C2350866"	"eribulin"	"Eribulin "
"Erythromycine"	"A13066443"	"MSHCZE"	"erythromycin"	"C0014806"	"Erythromycin"	"Erythromycin "
"Esclicarbazepine"	"A22724351"	"ATC"	"eslicarbazepine"	"C2725260"	"eslicarbazepine"	"Eslicarbazepine"
"Estrogenes sulfoconjugues equins"	"A12806502"	"NCI"	"Estrogens, Conjugated"	"C0014938"	"Estrogens, Conjugated (USP)"	"Estrogens Conjugated"
"alcool"	"A13061536"	"MSHCZE"	"ethanol"	"C0001962"	"Ethanol"	"ethanol"
"Fampridines"	"A15162352"	"SNOMEDCT_US"	"Fampridine"	"C0000477"	"dalfampridine"	"Fampridine"
"Fidaxomicine"	"A18470140"	"MSH"	"fidaxomicin"	"C0065023"	"fidaxomicin"	"Fidaxomicin "
"Fluvastatine"	"A0186618"	"MMSL"	"fluvastatin"	"C0082608"	"fluvastatin"	"Fluvastatin "
"Fosphenytoine"	"A0479492"	"MMSL"	"fosphenytoin"	"C0244656"	"fosphenytoin"	"Fosphenytoin "
"Or"	"A0064399"	"LCH"	"Gold"	"C0018026"	"Gold"	"Gold"
"jus de pamplemousse"	"A2295667"	"MTH"	"Grapefruit (food)"	"C0995150"	"Grapefruit (food)"	"grapefruit food"
"Griseofulvine"	"A13053848"	"MSHCZE"	"griseofulvin"	"C0018242"	"Griseofulvin"	"Griseofulvin "
"Heparine calcique"	"A16791847"	"RXNORM"	"heparin calcium"	"C0054452"	"heparin calcium"	"Heparin calcium"
"Heparine sodique"	"A0715657"	"SNMI"	"Heparin sodium"	"C0037513"	"Heparin sodium"	"Heparin sodium"
"Gel d'hydroxyde d'aluminium et de carbonate de magnesium codesseches"	"A0642933"	"RCD"	"Aluminium hydroxide"	"C0002371"	"Aluminum Hydroxide"	"hydroxide aluminium"
"Indometacine"	"A0722714"	"RCD"	"Indometacin"	"C0021246"	"Indomethacin"	"Indometacin "
"Isepamicine"	"A22730795"	"ATC"	"isepamicin"	"C0124008"	"isepamicin"	"Isepamicin "
"Isotretinoine"	"A13050872"	"MSHCZE"	"isotretinoin"	"C0022265"	"Isotretinoin"	"Isotretinoin "
"Kaolin lourd"	"A13066816"	"MSHCZE"	"kaolin"	"C0022499"	"Kaolin"	"Kaolin"
"prservatifs en latex"	"A24245036"	"SNOMEDCT_US"	"Latex condom"	"C3873750"	"Latex condom"	"latex condom"
"Levofloxacine"	"A23445767"	"MSHCZE"	"levofloxacin"	"C0282386"	"Levofloxacin"	"Levofloxacin "
"Reglisse"	"A26625378"	"MSH"	"Licorice"	"C0017987"	"Glycyrrhiza"	"licorice"
"Liothyronine sodique"	"A11559857"	"MTHSPL"	"liothyronine sodium"	"C0546882"	"liothyronine sodium"	"Liothyronine sodium"
"Virus vivant attenue de la grippe"	"A20054935"	"NDFRT"	"Live Attenuated Influenza A Virus Vaccine"	"C3257576"	"Live Attenuated Influenza A Virus Vaccine [EPC]"	"Live Attenuated Influenza A Virus Vaccine"
"Virus rubeoleux"	"A20064783"	"NDFRT"	"Live Attenuated Rubella Virus Vaccine"	"C3257585"	"Live Attenuated Rubella Virus Vaccine [EPC]"	"Live Attenuated Rubella Virus Vaccine"
"Virus de la fievre jaune"	"A20062342"	"NDFRT"	"Live Attenuated Yellow Fever Virus Vaccine [EPC]"	"C3257582"	"Live Attenuated Yellow Fever Virus Vaccine [EPC]"	"Live Attenuated Yellow Fever Virus Vaccine [EPC]"
"Lomefloxacine"	"A0200461"	"MMSL"	"lomefloxacin"	"C0065162"	"lomefloxacin"	"Lomefloxacin "
"Dicitrate trimagnesien"	"A0201609"	"MMSL"	"magnesium citrate"	"C0126774"	"magnesium citrate"	"magnesium citrate"
"Magnesium (hydroxyde de)"	"A0082411"	"MMSL"	"Magnesium Hydroxide"	"C0024476"	"Magnesium Hydroxide"	"Magnesium Hydroxide"
"Magnesium (trisilicate de)"	"A0201649"	"MMSL"	"magnesium trisilicate"	"C0065533"	"magnesium trisilicate"	"Magnesium trisilicate"
"Virus rougeoleux"	"A10400500"	"RXNORM"	"MEASLES VIRUS VACCINE,LIVE ATTENUATED"	"C0770689"	"MEASLES VIRUS VACCINE,LIVE ATTENUATED"	"MEASLES VIRUS VACCINE,LIVE ATTENUATED"
"Bleu de methylene"	"A0435282"	"LCH"	"Methylene blue"	"C0025746"	"Methylene blue"	"methylene blue"
"Methylenecycline"	"A0435282"	"LCH"	"Methylene blue"	"C0025746"	"Methylene blue"	"methylene blue"
"Mianserine"	"A13041698"	"MSHCZE"	"mianserin"	"C0025912"	"Mianserin"	"Mianserin "
"Midecamycine"	"A10337526"	"RXNORM"	"midecamycin"	"C0066531"	"midecamycin"	"Midecamycin "
"Moxifloxacine"	"A10351689"	"RXNORM"	"moxifloxacin"	"C0536495"	"moxifloxacin"	"Moxifloxacin "
"Mycophenolate sodique"	"A16794745"	"RXNORM"	"mycophenolate sodium"	"C1337395"	"mycophenolate sodium"	"mycophenolate sodium"
"Nadroparine calcique"	"A12790680"	"NCI"	"Nadroparin Calcium"	"C0206232"	"Nadroparin"	"Nadroparin calcium"
"Netilmicine"	"A13062762"	"MSHCZE"	"netilmicin"	"C0027780"	"Netilmicin"	"Netilmicin "
"Norelgestromine"	"A10413556"	"RXNORM"	"norelgestromin"	"C1120952"	"norelgestromin"	"Norelgestromin "
"Oxybutynine"	"A0213691"	"MMSL"	"oxybutynin"	"C0069805"	"oxybutynin"	"Oxybutynin "
"Phenoxymethylpenicilline"	"A0100431"	"RCD"	"Phenoxymethylpenicillin"	"C0030840"	"Penicillin V"	"Phenoxymethylpenicillin "
"Phenytoine"	"A0014254"	"LCH"	"Phenytoin"	"C0031507"	"Phenytoin"	"Phenytoin "
"Piperacilline"	"A0101712"	"LCH"	"Piperacillin"	"C0031955"	"Piperacillin"	"Piperacillin "
"Pirarubicine"	"A10653492"	"RXNORM"	"Pirarubicin"	"C0071126"	"Pirarubicin"	"Pirarubicin "
"Pitavastatine"	"A17028207"	"RXNORM"	"pitavastatin"	"C1101838"	"pitavastatin"	"Pitavastatin "
"Catioresine sulfo calcique"	"A18669970"	"CHV"	"polystyrene sulfonate"	"C0137904"	"polystyrene sulfonate"	"polystyrene sulfonate"
"Catioresine sulfo sodique"	"A18669970"	"CHV"	"polystyrene sulfonate"	"C0137904"	"polystyrene sulfonate"	"polystyrene sulfonate"
"Povidone iodee"	"A0104096"	"MMSL"	"Povidone-Iodine"	"C0032857"	"Povidone-Iodine"	"Povidone-Iodine"
"Pregabaline"	"A26534512"	"MSHCZE"	"Pregabalin"	"C0388352"	"CI 1008"	"Pregabalin "
"Probenecide"	"A13052957"	"MSHCZE"	"probenecid"	"C0033209"	"Probenecid"	"Probenecid "
"Quinupristine"	"A10351694"	"RXNORM"	"quinupristin"	"C0756081"	"quinupristin"	"Quinupristin "
"Menthol racemique"	"A22724530"	"MTHSPL"	"RACEMENTHOL"	"C2698944"	"RACEMENTHOL"	"RACEMENTHOL"
"Insuline humaine biosynthetique"	"A13088622"	"RXNORM"	"Regular Insulin, Human"	"C0795635"	"Regular Insulin, Human"	"Regular Insulin Human"
"Insuline humaine hemisynthetique isophane"	"A13088622"	"RXNORM"	"Regular Insulin, Human"	"C0795635"	"Regular Insulin, Human"	"Regular Insulin Human"
"Insuline humaine hemisynthetique isophane biphasique"	"A13088622"	"RXNORM"	"Regular Insulin, Human"	"C0795635"	"Regular Insulin, Human"	"Regular Insulin Human"
"Insuline humaine biosynthetique zinc"	"A13088622"	"RXNORM"	"Regular Insulin, Human"	"C0795635"	"Regular Insulin, Human"	"Regular Insulin Human"
"Insuline humaine hemisynthetique d'origine porcine"	"A13088622"	"RXNORM"	"Regular Insulin, Human"	"C0795635"	"Regular Insulin, Human"	"Regular Insulin Human"
"Insuline humaine recombinante zinc"	"A13088622"	"RXNORM"	"Regular Insulin, Human"	"C0795635"	"Regular Insulin, Human"	"Regular Insulin Human"
"Insuline humaine recombinante zinc cristalline"	"A13088622"	"RXNORM"	"Regular Insulin, Human"	"C0795635"	"Regular Insulin, Human"	"Regular Insulin Human"
"Insuline humaine recombinante isophane"	"A13088622"	"RXNORM"	"Regular Insulin, Human"	"C0795635"	"Regular Insulin, Human"	"Regular Insulin Human"
"Insuline humaine recombinante isophane biphasique"	"A13088622"	"RXNORM"	"Regular Insulin, Human"	"C0795635"	"Regular Insulin, Human"	"Regular Insulin Human"
"Saxagliptine"	"A17027380"	"RXNORM"	"saxagliptin"	"C1611934"	"saxagliptin"	"Saxagliptin "
"Sene de khartoum"	"A17556977"	"NCBI"	"Senna alexandrina"	"C0330722"	"Senna alexandrina"	"Senna alexandrina"
"Sene de l'inde"	"A17556977"	"NCBI"	"Senna alexandrina"	"C0330722"	"Senna alexandrina"	"Senna alexandrina"
"Silodosine"	"A15876621"	"RXNORM"	"silodosin"	"C1870115"	"silodosin"	"Silodosin "
"Sodium (citrate diacide de)"	"A18432518"	"RXNORM"	"Citric Acid / sodium citrate"	"C0304465"	"Citric Acid / sodium citrate"	"sodium acid citrate"
"Sodium (aurothiopropanolsulfonate de)"	"A0228623"	"MSH"	"sodium aurothiopropanol sulfonate"	"C0104696"	"aurotioprol"	"sodium aurothiopropanol sulfonate"
"Sodium (picosulfate de)"	"A0217809"	"MSH"	"picosulfate sodium"	"C0071042"	"picosulfate sodium"	"sodium picosulfate"
"Sodium (ricinoleate de)"	"A0797324"	"SNM"	"Sodium ricinoleate"	"C0301467"	"Sodium ricinoleate"	"sodium ricinoleate"
"Solifenacine"	"A26534503"	"MSHCZE"	"solifenacin"	"C1099677"	"Solifenacin"	"Solifenacin "
"Acetylsulfafurazol"	"A15896867"	"MSHFRE"	"Sulfafurazol"	"C0038745"	"Sulfisoxazole"	"sulfafurazol"
"Tamsulosine"	"A0490069"	"MMSL"	"tamsulosin"	"C0257343"	"tamsulosin"	"Tamsulosin "
"Teicoplanine"	"A0232292"	"MSH"	"Teicoplanin"	"C0145106"	"Teicoplanin"	"Teicoplanin "
"Telithromycine"	"A10381457"	"RXNORM"	"telithromycin"	"C0907410"	"telithromycin"	"Telithromycin "
"Temocilline"	"A10337866"	"RXNORM"	"temocillin"	"C0076079"	"temocillin"	"Temocillin "
"Immunoglobulines equines antilymphocyte humain"	"A22644194"	"RXNORM"	"thymocyte immunoglobulin, equine"	"C2756957"	"thymocyte immunoglobulin, equine"	"thymocyte immunoglobulin equine"
"Thyroxines"	"A0126135"	"LCH"	"Thyroxine"	"C0040165"	"Thyroxine"	"Thyroxine"
"Tinzaparine"	"A0375317"	"MMSL"	"tinzaparin"	"C0216278"	"tinzaparin"	"Tinzaparin "
"Topotecane"	"A10339652"	"RXNORM"	"Topotecan"	"C0146224"	"Topotecan"	"Topotecan "
"Trabectedine"	"A11917542"	"PDQ"	"trabectedin"	"C1311070"	"trabectedin"	"Trabectedin "
"Tretinoine"	"A13050692"	"MSHCZE"	"tretinoin"	"C0040845"	"Tretinoin"	"Tretinoin "
"Trihexyphenidyle"	"A0128544"	"RCD"	"Trihexyphenidyl"	"C0041009"	"Trihexyphenidyl"	"Trihexyphenidyl "
"Trimethoprime"	"A13063423"	"MSHCZE"	"trimethoprim"	"C0041041"	"Trimethoprim"	"Trimethoprim "
"Arsenieux"	"A0162853"	"MMSL"	"arsenic trioxide"	"C0052416"	"arsenic trioxide"	"trioxide arsenic"
"Vildagliptine"	"A14216645"	"RXNORM"	"vildagliptin"	"C1570906"	"vildagliptin"	"Vildagliptin "
