"molecule"	"molecule"
"MONTELUKAST"	"montelukast"
"RIBAVIRINE"	"ribavirine"
"BROMFENAC SODIUM SESQUIHYDRATE"	"bromfenac sodium sesquihydrate"
"CLARITHROMYCINE"	"clarithromycine"
"INTERFERON BETA-1A"	"interferon beta 1a"
"ESOMEPRAZOLE"	"esomeprazole"
"NYSTATINE, NEOMYCINE (SULFATE), POLYMYXINE B (SULFATE)"	"nystatine neomycine sulfate polymyxine b sulfate "
"NICORANDIL"	"nicorandil"
"VALSARTAN + HYDROCHLOROTHIAZIDE"	"valsartan + hydrochlorothiazide"
"LEVETIRACETAM"	"levetiracetam"
"LETROZOLE"	"letrozole"
"LOSARTAN + HYDROCHLOROTHIAZIDE"	"losartan + hydrochlorothiazide"
"ATORVASTATINE"	"atorvastatine"
"DOXAZOSINE"	"doxazosine"
"EXEMESTANE"	"exemestane"
"CLOBETASOL"	"clobetasol"
"DESLORATADINE"	"desloratadine"
"DONEPEZIL"	"donepezil"
"DESOGESTREL"	"desogestrel"
"AMOROLFINE"	"amorolfine"
"DIACEREINE"	"diacereine"
"ALLOPURINOL"	"allopurinol"
"ETANERCEPT"	"etanercept"
"ATENOLOL"	"atenolol"
"ALFUZOSINE"	"alfuzosine"
"NILOTINIB"	"nilotinib"
"SOMATROPINE"	"somatropine"
"PERINDOPRIL"	"perindopril"
"EBASTINE"	"ebastine"
"OLANZAPINE"	"olanzapine"
"RIZATRIPTAN"	"rizatriptan"
"GONADOTROPHINE CHORIONIQUE"	"gonadotrophine chorionique"
"PEGINTERFERON ALFA-2A"	"peginterferon alfa 2a"
"CANDESARTAN"	"candesartan"
"LISINOPRIL + HYDROCHLOROTHIAZIDE"	"lisinopril + hydrochlorothiazide"
"LATANOPROST"	"latanoprost"
"CANDESARTAN + HYDROCHLOROTHIAZIDE"	"candesartan + hydrochlorothiazide"
"DENOSUMAB"	"denosumab"
"ABIRATERONE"	"abiraterone"
"ARTENIMOL ET PIPERAQUINE"	"artenimol et piperaquine"
"ZOLEDRONIQUE ACIDE"	"zoledronique acide"
"CLOPIDOGREL"	"clopidogrel"
"RISEDRONIQUE ACIDE"	"risedronique acide"
"OXOMEMAZINE"	"oxomemazine"
"BENAZEPRIL"	"benazepril"
"BENAZEPRIL + HYDROCHLOROTHIAZIDE"	"benazepril + hydrochlorothiazide"
"RILUZOLE"	"riluzole"
"IRBESARTAN + HYDROCHLOROTHIAZIDE"	"irbesartan + hydrochlorothiazide"
"ASSOCIATION D'ACIDES AMINES, GLUCOSE, LIPIDES ET ELECTROLYTES"	"association d acides amines glucose lipides et electrolytes"
"ZOLMITRIPTAN"	"zolmitriptan"
"LANSOPRAZOLE"	"lansoprazole"
"MYCOPHENOLIQUE ACIDE"	"mycophenolique acide"
"RABEPRAZOLE"	"rabeprazole"
"NICOTINE"	"nicotine"
"BISMUTH POTASSIQUE, TETRACYCLINE ET METRONIDAZOLE"	"bismuth potassique tetracycline et metronidazole"
"TIMOLOL + DORZOLAMIDE"	"timolol + dorzolamide"
"DORZOLAMIDE"	"dorzolamide"
"AZITHROMYCINE"	"azithromycine"
"NARATRIPTAN"	"naratriptan"
"PRAVASTATINE"	"pravastatine"
"MIRTAZAPINE"	"mirtazapine"
"FENTANYL"	"fentanyl"
"IRBESARTAN"	"irbesartan"
"MORPHINE"	"morphine"
"DOXYCYCLINE"	"doxycycline"
"NEVIRAPINE"	"nevirapine"
"URSODESOXYCHOLIQUE ACIDE"	"ursodesoxycholique acide"
"TELMISARTAN"	"telmisartan"
"RIVAROXABAN"	"rivaroxaban"
"TELAPREVIR"	"telaprevir"
"CARBOXYMALTOSE FERRIQUE"	"carboxymaltose ferrique"
"FAMPRIDINE"	"fampridine"
"PARACETAMOL"	"paracetamol"
"RIVASTIGMINE"	"rivastigmine"
"ETRAVIRINE"	"etravirine"
"RILPIVIRINE"	"rilpivirine"
"EMTRICITABINE, TENOFOVIR DISOPROXIL, RILPIVIRINE"	"emtricitabine tenofovir disoproxil rilpivirine"
"BICALUTAMIDE"	"bicalutamide"
"LAMOTRIGINE"	"lamotrigine"
"BISOPROLOL + HYDROCHLOROTHIAZIDE"	"bisoprolol + hydrochlorothiazide"
"GALANTAMINE"	"galantamine"
"METFORMINE ET SAXAGLIPTINE"	"metformine et saxagliptine"
"LEVOFLOXACINE"	"levofloxacine"
"ELECTROLYTES"	"electrolytes"
"GABAPENTINE"	"gabapentine"
"CITALOPRAM"	"citalopram"
"GLIMEPIRIDE"	"glimepiride"
"OSELTAMIVIR"	"oseltamivir"
"RUFINAMIDE"	"rufinamide"
"MOXIFLOXACINE"	"moxifloxacine"
"LEFLUNOMIDE"	"leflunomide"
"MILNACIPRAN"	"milnacipran"
"ACETYLLEUCINE"	"acetylleucine"
"METFORMINE"	"metformine"
"VEMURAFENIB"	"vemurafenib"
"BUDESONIDE"	"budesonide"
"TRAMADOL + PARACETAMOL"	"tramadol + paracetamol"
"LERCANIDIPINE"	"lercanidipine"
"MIDAZOLAM"	"midazolam"
"RALOXIFENE"	"raloxifene"
"TAMSULOSINE"	"tamsulosine"
"LEVOCETIRIZINE"	"levocetirizine"
"ROPINIROLE"	"ropinirole"
"KETOPROFENE"	"ketoprofene"
"RAMIPRIL + HYDROCHLOROTHIAZIDE"	"ramipril + hydrochlorothiazide"
"CETIRIZINE"	"cetirizine"
"TIMOLOL + LATANOPROST"	"timolol + latanoprost"
"LEVONORGESTREL, ETHINYLESTRADIOL"	"levonorgestrel ethinylestradiol"
"LACOSAMIDE"	"lacosamide"
"KETOTIFENE"	"ketotifene"
"CHLORHEXIDINE"	"chlorhexidine"
"ULIPRISTAL ACETATE"	"ulipristal acetate"
"BISOPROLOL"	"bisoprolol"
"DOMPERIDONE"	"domperidone"
"TERBUTALINE"	"terbutaline"
"ZIDOVUDINE ET LAMIVUDINE"	"zidovudine et lamivudine"
"LOPERAMIDE"	"loperamide"
"LORATADINE"	"loratadine"
"ENTACAPONE"	"entacapone"
"CIPROFLOXACINE"	"ciprofloxacine"
"METOPROLOL"	"metoprolol"
"LANTHANUM CARBONATE"	"lanthanum carbonate"
"VALSARTAN"	"valsartan"
"OXCARBAZEPINE"	"oxcarbazepine"
"LAMIVUDINE"	"lamivudine"
"HELICIDINE"	"helicidine"
"ESCITALOPRAM"	"escitalopram"
"PANTOPRAZOLE"	"pantoprazole"
"BUPRENORPHINE"	"buprenorphine"
"TIMOLOL"	"timolol"
"DEXAMETHASONE ET CIPROFLOXACINE"	"dexamethasone et ciprofloxacine"
"MERCAPTOPURINE"	"mercaptopurine"
"HEPATITE A, VIRUS ENTIER INACTIVE"	"hepatite a virus entier inactive"
"RUXOLITINIB"	"ruxolitinib"
"PROGUANIL + ATOQUAVONE"	"proguanil + atoquavone"
"VENLAFAXINE"	"venlafaxine"
"CELECOXIB"	"celecoxib"
"CICLOPIROX"	"ciclopirox"
"AMLODIPINE"	"amlodipine"
"OFLOXACINE"	"ofloxacine"
"LOSARTAN"	"losartan"
"FORMOTEROL + BECLOMETASONE"	"formoterol + beclometasone"
"REPAGLINIDE"	"repaglinide"
"AXITINIB"	"axitinib"
"FORMOTEROL + FLUTICASONE"	"formoterol + fluticasone"
"PARAFFINE LIQUIDE, GLYCEROL ET VASELINE"	"paraffine liquide glycerol et vaseline"
"IOHEXOL"	"iohexol"
"IODIXANOL"	"iodixanol"
"TRAMADOL"	"tramadol"
"HUILE DE PARAFFINE EN ASSOCIATION"	"huile de paraffine en association"
"LEVODOPA, CARBIDOPA, ENTACAPONE"	"levodopa carbidopa entacapone"
"FESOTERODINE"	"fesoterodine"
"DARUNAVIR"	"darunavir"
"OXYBUTYNINE"	"oxybutynine"
"TIANEPTINE"	"tianeptine"
"ENALAPRIL"	"enalapril"
"GLYCOPYRRONIUM BROMURE"	"glycopyrronium bromure"
"CRIZOTINIB"	"crizotinib"
"METHOTREXATE"	"methotrexate"
"PERAMPANEL"	"perampanel"
"AFLIBERCEPT"	"aflibercept"
"APIXABAN"	"apixaban"
"TENOFOVIR DISOPROXIL"	"tenofovir disoproxil"
"PERINDOPRIL + INDAPAMIDE"	"perindopril + indapamide"
"ALMOTRIPTAN"	"almotriptan"
"DICLOFENAC"	"diclofenac"
"MODAFINIL"	"modafinil"
"DILTIAZEM"	"diltiazem"
"INGENOL MEBUTATE"	"ingenol mebutate"
"MENINGOCOQUE B, VACCIN MULTICOMPOSANTS"	"meningocoque b vaccin multicomposants"
"MEMANTINE"	"memantine"
"ABATACEPT"	"abatacept"
"GLICLAZIDE"	"gliclazide"
"HALOPERIDOL"	"haloperidol"
"LORAZEPAM"	"lorazepam"
"ACETYLSALICYLIQUE ACIDE"	"acetylsalicylique acide"
"AMOXICILLINE/ACIDE CLAVULANIQUE"	"amoxicilline acide clavulanique"
"CABERGOLINE"	"cabergoline"
"OMEPRAZOLE"	"omeprazole"
"CAPECITABINE"	"capecitabine"
"ACARBOSE"	"acarbose"
"BETAXOLOL"	"betaxolol"
"RALTEGRAVIR"	"raltegravir"
"BOSUTINIB"	"bosutinib"
"IOMEPROL"	"iomeprol"
"INTERFERON BETA-1B"	"interferon beta 1b"
"SODIUM SULFATE + MAGNESIUM SULFATE + POTASSIUM SULFATE"	"sodium sulfate + magnesium sulfate + potassium sulfate"
"TELMISARTAN + HYDROCHLOROTHIAZIDE"	"telmisartan + hydrochlorothiazide"
"METFORMINE ET VILDAGLIPTINE"	"metformine et vildagliptine"
"ONDANSETRON"	"ondansetron"
"CLOXACILLINE"	"cloxacilline"
"CLOZAPINE"	"clozapine"
"IOBITRIDOL"	"iobitridol"
"GONADOTROPHINE MENOPAUSIQUE HUMAINE"	"gonadotrophine menopausique humaine"
"FLUVASTATINE"	"fluvastatine"
"RAMIPRIL"	"ramipril"
"EFAVIRENZ"	"efavirenz"
"LEVONORGESTREL (DISPOSITIF INTRAUTERIN)"	"levonorgestrel dispositif intrauterin "
"EMTRICITABINE, TENOFOVIR DISOPROXIL, ELVITEGRAVIR ET COBICISTAT"	"emtricitabine tenofovir disoproxil elvitegravir et cobicistat"
"NAPROXENE"	"naproxene"
"ENZALUTAMIDE"	"enzalutamide"
"UROFOLLITROPHINE"	"urofollitrophine"
"NALMEFENE"	"nalmefene"
"VISMODEGIB"	"vismodegib"
"DIMETHYL FUMARATE"	"dimethyl fumarate"
"TERIFLUNOMIDE"	"teriflunomide"
"MOMETASONE"	"mometasone"
"REGORAFENIB"	"regorafenib"
"ALPROSTADIL"	"alprostadil"
"DABRAFENIB"	"dabrafenib"
"TIMOLOL + BIMATOPROST"	"timolol + bimatoprost"
"CODEINE + PARACETAMOL"	"codeine + paracetamol"
"EPINEPHRINE"	"epinephrine"
"AFATINIB"	"afatinib"
"INDACATEROL ET BROMURE DE GLYCOPYRRONIUM"	"indacaterol et bromure de glycopyrronium"
"LORMETAZEPAM"	"lormetazepam"
"GOLIMUMAB"	"golimumab"
"COLISTINE (COLISTIMETHATE SODIQUE)"	"colistine colistimethate sodique "
"TROSPIUM"	"trospium"
"FLECAINIDE"	"flecainide"
"VALACICLOVIR"	"valaciclovir"
"AMLODIPINE + INDAPAMIDE"	"amlodipine + indapamide"
"ARTEMETHER ET LUMEFANTRINE"	"artemether et lumefantrine"
"BECLOMETASONE"	"beclometasone"
"ACAMPROSATE"	"acamprosate"
"LIDOCAINE + PRILOCAINE"	"lidocaine + prilocaine"
"VILANTEROL ET FLUTICASONE FUROATE"	"vilanterol et fluticasone furoate"
"IOPROMIDE"	"iopromide"
"RANIBIZUMAB"	"ranibizumab"
"LACTULOSE"	"lactulose"
"GADODIAMIDE"	"gadodiamide"
"CEFTRIAXONE"	"ceftriaxone"
"BROMAZEPAM"	"bromazepam"
"DOLUTEGRAVIR"	"dolutegravir"
"ARIPIPRAZOLE"	"aripiprazole"
"OLODATEROL"	"olodaterol"
"ELETRIPTAN"	"eletriptan"
"ANAKINRA"	"anakinra"
"BETAHISTINE"	"betahistine"
"TOCILIZUMAB"	"tocilizumab"
"PROPRANOLOL"	"propranolol"
"OXYCODONE"	"oxycodone"
"HYDROXYZINE"	"hydroxyzine"
"ALGINIQUE ACIDE + BICARBONATE DE SODIUM"	"alginique acide + bicarbonate de sodium"
"IPRATROPIUM BROMURE"	"ipratropium bromure"
"ERGOCALCIFEROL"	"ergocalciferol"
"AMOXICILLINE"	"amoxicilline"
"BRINZOLAMIDE + BRIMONIDINE"	"brinzolamide + brimonidine"
"FOLLITROPINE ALFA"	"follitropine alfa"
"GADOTERIQUE ACIDE"	"gadoterique acide"
"LAMIVUDINE, ABACAVIR ET DOLUTEGRAVIR"	"lamivudine abacavir et dolutegravir"
"LARMES ARTIFICIELLES ET DIVERSES AUTRES PREPARATIONS"	"larmes artificielles et diverses autres preparations"
"LYMECYCLINE"	"lymecycline"
"MEROPENEM"	"meropenem"
"ATORVASTATINE ET EZETIMIBE"	"atorvastatine et ezetimibe"
"PAROXETINE"	"paroxetine"
"EXENATIDE"	"exenatide"
"RETINOL (VIT A)"	"retinol vit a "
"INSULINE LISPRO"	"insuline lispro"
"FUROSEMIDE"	"furosemide"
"PERMETHRINE"	"permethrine"
"ZOPICLONE"	"zopiclone"
"SODIUM CHLORURE"	"sodium chlorure"
"COLECALCIFEROL"	"colecalciferol"
"ENALAPRIL ET LERCANIDIPINE"	"enalapril et lercanidipine"
"GRIPPE, VIRUS FRACTIONNE INACTIVE OU ANTIGENE PURIFIE"	"grippe virus fractionne inactive ou antigene purifie"
"EPLERENONE"	"eplerenone"
"QUETIAPINE"	"quetiapine"
"SULFAMETHOXAZOLE ET TRIMETHOPRIME"	"sulfamethoxazole et trimethoprime"
"SULFADIAZINE"	"sulfadiazine"
"RACECADOTRIL (ACETORPHAN)"	"racecadotril acetorphan "
"MENINGOCOQUE C, ANTIGENES POLYSACCHARIDIQUES CONJUGUES"	"meningocoque c antigenes polysaccharidiques conjugues"
"PREGABALINE"	"pregabaline"
"DULOXETINE"	"duloxetine"
"METHYLDOPA (RACEMIQUE)"	"methyldopa racemique "
"PHENOBARBITAL"	"phenobarbital"
"AUROTIOPROL"	"aurotioprol"
"MEDICAMENTS A BASE D'OXYDE DE ZINC"	"medicaments a base d oxyde de zinc"
"ELECTROLYTES EN ASSOCIATION AVEC D'AUTRES SUBSTANCES"	"electrolytes en association avec d autres substances"
"CLOMIPRAMINE"	"clomipramine"
"TESTOSTERONE"	"testosterone"
"FLUOCINOLONE ET ANTIINFECTIEUX"	"fluocinolone et antiinfectieux"
"ARGININE"	"arginine"
"TRIHEXYPHENIDYL"	"trihexyphenidyl"
"ASCORBATE FERREUX"	"ascorbate ferreux"
"DIATRIZOIQUE ACIDE"	"diatrizoique acide"
"OXYMETAZOLINE"	"oxymetazoline"
"HYDROCORTISONE ET ANTIINFECTIEUX"	"hydrocortisone et antiinfectieux"
"BENZYLTHIOURACILE"	"benzylthiouracile"
"PROBENECIDE"	"probenecide"
"THIAMINE (VIT B1)"	"thiamine vit b1 "
"POVIDONE IODEE"	"povidone iodee"
"BETAMETHASONE"	"betamethasone"
"CETHEXONIUM BROMURE"	"cethexonium bromure"
"BLEOMYCINE"	"bleomycine"
"OXACILLINE"	"oxacilline"
"PHENYLBUTAZONE"	"phenylbutazone"
"GOUDRON"	"goudron"
"HEPARINE"	"heparine"
"CALCIUM (DIFFERENTS SELS EN ASSOCIATION)"	"calcium differents sels en association "
"MOXISYLYTE"	"moxisylyte"
"DEXCHLORPHENIRAMINE + BETAMETHASONE"	"dexchlorpheniramine + betamethasone"
"PHENYLEPHRINE"	"phenylephrine"
"DEXAMETHASONE ET ANTIINFECTIEUX"	"dexamethasone et antiinfectieux"
"COLCHICINE, METILSULFATE DE TIEMONIUM, POUDRE D' OPIUM"	"colchicine metilsulfate de tiemonium poudre d opium"
"THIOCOLCHICOSIDE"	"thiocolchicoside"
"AMIODARONE"	"amiodarone"
"PREDNISONE"	"prednisone"
"WARFARINE"	"warfarine"
"CYTARABINE"	"cytarabine"
"LIOTHYRONINE SODIQUE"	"liothyronine sodique"
"SODIUM BORATE + ACIDE BORIQUE"	"sodium borate + acide borique"
"GLIBENCLAMIDE"	"glibenclamide"
"TRIMEBUTINE"	"trimebutine"
"DEXAMETHASONE"	"dexamethasone"
"VALPROIQUE ACIDE"	"valproique acide"
"METHYSERGIDE"	"methysergide"
"DEFEROXAMINE"	"deferoxamine"
"PHENYTOINE"	"phenytoine"
"ACETAZOLAMIDE"	"acetazolamide"
"DIGOXINE"	"digoxine"
"THEOPHYLLINE"	"theophylline"
"BROMPHENIRAMINE"	"brompheniramine"
"PIPAMPERONE"	"pipamperone"
"DAPSONE"	"dapsone"
"SULPIRIDE"	"sulpiride"
"MEDICAMENTS PRODUISANT DE L'ANHYDRIDE CARBONIQUE"	"medicaments produisant de l anhydride carbonique"
"AMITRIPTYLINE"	"amitriptyline"
"CYCLOPHOSPHAMIDE"	"cyclophosphamide"
"MEPROBAMATE"	"meprobamate"
"HYDROCHLOROTHIAZIDE"	"hydrochlorothiazide"
"DISULFIRAM"	"disulfiram"
"ASSOCIATIONS ANTITUSSIVES"	"associations antitussives"
"BENZATHINE BENZYLPENICILLINE"	"benzathine benzylpenicilline"
"PARACETAMOL, ESSENCE DE PIN SYLVESTRE"	"paracetamol essence de pin sylvestre"
"EDETATE DE FER SODIQUE"	"edetate de fer sodique"
"METRONIDAZOLE"	"metronidazole"
"SODIUM FLUORURE"	"sodium fluorure"
"FOLIQUE ACIDE"	"folique acide"
"FUSIDIQUE ACIDE"	"fusidique acide"
"FUMARATE FERREUX"	"fumarate ferreux"
"AMPHOTERICINE B"	"amphotericine b"
"NITROFURANTOINE"	"nitrofurantoine"
"ASSOCIATIONS DE SELS"	"associations de sels"
"GENTAMICINE"	"gentamicine"
"CARBUTAMIDE"	"carbutamide"
"DIVERS STOMATO LOCAL"	"divers stomato local"
"GRISEOFULVINE"	"griseofulvine"
"ERGOTAMINE (TARTRATE), CAFEINE ANHYDRE"	"ergotamine tartrate cafeine anhydre"
"QUININE (BENZOATE) + THIAMINE (CHLORHYDRATE)"	"quinine benzoate + thiamine chlorhydrate "
"HEXAMIDINE"	"hexamidine"
"ERGOLOIDE MESYLATES"	"ergoloide mesylates"
"HYDROXYCARBAMIDE"	"hydroxycarbamide"
"HYDROCORTISONE"	"hydrocortisone"
"PREDNISOLONE"	"prednisolone"
"INDOMETACINE"	"indometacine"
"TILBROQUINOL"	"tilbroquinol"
"DIHYDROERGOCRISTINE + RAUBASINE"	"dihydroergocristine + raubasine"
"PINDOLOL"	"pindolol"
"VERAPAMIL"	"verapamil"
"TRIAMCINOLONE"	"triamcinolone"
"QUININE + UREE"	"quinine + uree"
"CHLORPROMAZINE"	"chlorpromazine"
"SODIUM BICARBONATE"	"sodium bicarbonate"
"GLUCOSE"	"glucose"
"PHENOL + CHLORURE DE SODIUM"	"phenol + chlorure de sodium"
"HOMEOPATHIE"	"homeopathie"
"FLUMETASONE + ACIDE SALICYLIQUE"	"flumetasone + acide salicylique"
"HUILE DE PARAFFINE"	"huile de paraffine"
"METHOCARBAMOL"	"methocarbamol"
"CHLORMADINONE"	"chlormadinone"
"PYRIMETHAMINE"	"pyrimethamine"
"METHYLPREDNISOLONE"	"methylprednisolone"
"METHOXSALENE"	"methoxsalene"
"MEPROBAMATE, MALEATE D'ACEPROMETAZINE"	"meprobamate maleate d aceprometazine"
"SOLVANTS ET DILUANTS, SOLUTIONS D'IRRIGATION INCLUSES"	"solvants et diluants solutions d irrigation incluses"
"CLINDAMYCINE"	"clindamycine"
"ANTISPASMODIQUES EN ASSOCIATION AVEC D'AUTRES MEDICAMENTS"	"antispasmodiques en association avec d autres medicaments"
"METHYLERGOMETRINE"	"methylergometrine"
"METHOTREXATE (FORMES ORALES)"	"methotrexate formes orales "
"SULFATE DE BARIUM AVEC AGENTS DE MISE EN SUSPENSION"	"sulfate de barium avec agents de mise en suspension"
"FLUPHENAZINE"	"fluphenazine"
"ETHAMBUTOL"	"ethambutol"
"NYSTATINE"	"nystatine"
"TROPICAMIDE"	"tropicamide"
"TETRAZEPAM"	"tetrazepam"
"PRIMIDONE"	"primidone"
"AMBENONIUM"	"ambenonium"
"POTASSIUM BITARTRATE"	"potassium bitartrate"
"PROCARBAZINE"	"procarbazine"
"CODEINE"	"codeine"
"PERICIAZINE"	"periciazine"
"NIFLUMIQUE ACIDE"	"niflumique acide"
"NORETHANDROLONE"	"norethandrolone"
"CHLOROQUINE"	"chloroquine"
"LEVOMEPROMAZINE"	"levomepromazine"
"SPIRAMYCINE + METRONIDAZOLE"	"spiramycine + metronidazole"
"AMPICILLINE"	"ampicilline"
"AUTRES MEDICAMENTS OTOLOGIE"	"autres medicaments otologie"
"OXELADINE"	"oxeladine"
"PREPARATIONS AVEC DES DERIVES DE L'ACIDE SALICYLIQUE"	"preparations avec des derives de l acide salicylique"
"PROMETHAZINE"	"promethazine"
"NYSTATINE, SULFATE DE NEOMYCINE, SULFATE DE POLYMYXINE B"	"nystatine sulfate de neomycine sulfate de polymyxine b"
"MEFENAMIQUE ACIDE"	"mefenamique acide"
"ATROPINE"	"atropine"
"NORETHISTERONE"	"norethisterone"
"METOCLOPRAMIDE"	"metoclopramide"
"PROCAINE"	"procaine"
"HYDROXYPROGESTERONE"	"hydroxyprogesterone"
"NEOSTIGMINE"	"neostigmine"
"QUININE + VIT C"	"quinine + vit c"
"QUININE"	"quinine"
"QUININE + AUBEPINE"	"quinine + aubepine"
"ASSOCIATIONS DE LIPIDES, HYDRATES DE CARBONE, PROTEINES, MINERAUX, VITAMINES"	"associations de lipides hydrates de carbone proteines mineraux vitamines"
"TENOIQUE ACIDE (SEL ETHANOLAMINE)"	"tenoique acide sel ethanolamine "
"RIFAMPICINE"	"rifampicine"
"RIFAMYCINE"	"rifamycine"
"ROUGEOLE, VIRUS VIVANT ATTENUE"	"rougeole virus vivant attenue"
"DISOPYRAMIDE"	"disopyramide"
"OXAZEPAM"	"oxazepam"
"ISPAGHUL (GRAINE DE PSYLLIUM)"	"ispaghul graine de psyllium "
"ISPAGHUL EN ASSOCIATION"	"ispaghul en association"
"PHLOROGLUCINOL"	"phloroglucinol"
"NORGESTREL, ETHINYLESTRADIOL"	"norgestrel ethinylestradiol"
"ANETHOLE TRITHIONE"	"anethole trithione"
"TRIMIPRAMINE"	"trimipramine"
"TETRACOSACTIDE"	"tetracosactide"
"OXYTOCINE"	"oxytocine"
"CARBAMAZEPINE"	"carbamazepine"
"RESERPINE ET BENDROFLUMETHIAZIDE"	"reserpine et bendroflumethiazide"
"PARACETAMOL + CAFEINE"	"paracetamol + cafeine"
"ALIMEMAZINE"	"alimemazine"
"THIAMPHENICOL"	"thiamphenicol"
"IMIPRAMINE"	"imipramine"
"NICLOSAMIDE"	"niclosamide"
"BAMIFYLLINE"	"bamifylline"
"NITROGLYCERINE"	"nitroglycerine"
"PIRIBEDIL"	"piribedil"
"SODIUM TETRADECYL SULFATE"	"sodium tetradecyl sulfate"
"FLUOCORTOLONE"	"fluocortolone"
"DIAZEPAM"	"diazepam"
"TIEMONIUM IODURE"	"tiemonium iodure"
"RETINOL"	"retinol"
"CYANOCOBALAMINE"	"cyanocobalamine"
"METOPIMAZINE"	"metopimazine"
"LIDOCAINE + ADRENALINE"	"lidocaine + adrenaline"
"LIDOCAINE + NAPHAZOLINE"	"lidocaine + naphazoline"
"LIDOCAINE"	"lidocaine"
"TRANEXAMIQUE ACIDE"	"tranexamique acide"
"SULFATE FERREUX + ACIDE ASCORBIQUE"	"sulfate ferreux + acide ascorbique"
"SPIRAMYCINE"	"spiramycine"
"MAGNESIUM (LACTATE) + PYRIDOXINE"	"magnesium lactate + pyridoxine"
"DOXEPINE"	"doxepine"
"CYAMEMAZINE"	"cyamemazine"
"POTASSIUM (CHLORURE ET GLYCEROPHOSPHATE)"	"potassium chlorure et glycerophosphate "
"PIRACETAM"	"piracetam"
"PIMOZIDE"	"pimozide"
"ASSOCIATIONS"	"associations"
"MEDROGESTONE"	"medrogestone"
"PROGESTERONE"	"progesterone"
"GLIBORNURIDE"	"glibornuride"
"TIADENOL"	"tiadenol"
"MORNIFLUMATE"	"morniflumate"
"IOXITALAMIQUE ACIDE"	"ioxitalamique acide"
"CEFALEXINE"	"cefalexine"
"CORTIVAZOL"	"cortivazol"
"PRISTINAMYCINE"	"pristinamycine"
"PIPOTIAZINE"	"pipotiazine"
"PIZOTIFENE"	"pizotifene"
"LITHIUM"	"lithium"
"MAPROTILINE"	"maprotiline"
"TROPATEPINE"	"tropatepine"
"PYRANTEL"	"pyrantel"
"TRIMEBUTINE, RUSCOGENINES"	"trimebutine ruscogenines"
"INDAPAMIDE"	"indapamide"
"NEOMYCINE ET POLYMYXINE B"	"neomycine et polymyxine b"
"MINOCYCLINE"	"minocycline"
"HYDROCHLOROTHIAZIDE + AMILORIDE"	"hydrochlorothiazide + amiloride"
"BIPERIDENE"	"biperidene"
"COLCHICINE"	"colchicine"
"AMILORIDE"	"amiloride"
"COLESTYRAMINE"	"colestyramine"
"CLORAZEPATE DIPOTASSIQUE + ACEPROMAZINE + ACEPROMETAZINE"	"clorazepate dipotassique + acepromazine + aceprometazine"
"MAGNESIUM PIDOLATE"	"magnesium pidolate"
"GLIPIZIDE"	"glipizide"
"AMANTADINE"	"amantadine"
"CLONAZEPAM"	"clonazepam"
"LACTOBACILLUS CASEI, ESTRIOL ET PROGESTERONE"	"lactobacillus casei estriol et progesterone"
"DESONIDE"	"desonide"
"SPECTINOMYCINE"	"spectinomycine"
"PROMESTRIENE"	"promestriene"
"GINKGO BILOBA"	"ginkgo biloba"
"TOBRAMYCINE"	"tobramycine"
"PYGEUM AFRICANUM"	"pygeum africanum"
"FLUPENTIXOL"	"flupentixol"
"MEDROXYPROGESTERONE"	"medroxyprogesterone"
"ESTRADIOL"	"estradiol"
"HYDROXOCOBALAMINE"	"hydroxocobalamine"
"LEVODOPA, BENSERAZIDE"	"levodopa benserazide"
"BACLOFENE"	"baclofene"
"CLOBAZAM"	"clobazam"
"LEVODOPA, CARBIDOPA"	"levodopa carbidopa"
"METACYCLINE"	"metacycline"
"TIAPRIDE"	"tiapride"
"MICONAZOLE"	"miconazole"
"TRETINOINE"	"tretinoine"
"TIAPROFENIQUE ACIDE"	"tiaprofenique acide"
"CALCIFEDIOL"	"calcifediol"
"VINCAMINE + TROXERUTINE"	"vincamine + troxerutine"
"TINIDAZOLE"	"tinidazole"
"FLUCYTOSINE"	"flucytosine"
"OXETORONE"	"oxetorone"
"PHENOXYMETHYLPENICILLINE"	"phenoxymethylpenicilline"
"MEQUITAZINE"	"mequitazine"
"SOTALOL"	"sotalol"
"ERGOLOIDE (DIHYDROERGOCRYPTINE A) MESYLATE + CAFEINE"	"ergoloide dihydroergocryptine a mesylate + cafeine"
"RUBEOLE, VIRUS VIVANT ATTENUE"	"rubeole virus vivant attenue"
"PRAZEPAM"	"prazepam"
"NYSTATINE EN ASSOCIATION"	"nystatine en association"
"HYDROCHLOROTHIAZIDE + TRIAMTERENE"	"hydrochlorothiazide + triamterene"
"ECONAZOLE"	"econazole"
"FLOCTAFENINE"	"floctafenine"
"SULINDAC"	"sulindac"
"DOSULEPINE"	"dosulepine"
"FLUDROCORTISONE ET ANTIINFECTIEUX"	"fludrocortisone et antiinfectieux"
"TROLAMINE"	"trolamine"
"AUTRES MEDICAMENTS POUR LES TROUBLES DE L'ACIDITE"	"autres medicaments pour les troubles de l acidite"
"TRANDOLAPRIL"	"trandolapril"
"ACIDES AMINES"	"acides amines"
"EAU P.P.I."	"eau p p i "
"FLURBIPROFENE"	"flurbiprofene"
"HEXETIDINE + CHLORBUTANOL + SALICYLATE CHOLINE"	"hexetidine + chlorbutanol + salicylate choline"
"FENOPROFENE"	"fenoprofene"
"VINCAMINE EN ASSOCIATION"	"vincamine en association"
"FLUMEQUINE"	"flumequine"
"GRIPPE, VIRUS ENTIER INACTIVE"	"grippe virus entier inactive"
"CEFADROXIL"	"cefadroxil"
"ERYTHROMYCINE"	"erythromycine"
"NORETHISTERONE ET ETHINYLESTRADIOL"	"norethisterone et ethinylestradiol"
"BROMOCRIPTINE"	"bromocriptine"
"CROMOGLICIQUE ACIDE"	"cromoglicique acide"
"PENICILLAMINE"	"penicillamine"
"CARPIPRAMINE"	"carpipramine"
"CHLORHEXIDINE EN ASSOCIATION"	"chlorhexidine en association"
"TAMOXIFENE"	"tamoxifene"
"TIXOCORTOL"	"tixocortol"
"SULFADIAZINE ARGENTIQUE"	"sulfadiazine argentique"
"VALPROMIDE"	"valpromide"
"PREDNISOLONE EN ASSOCIATION"	"prednisolone en association"
"DIFLUPREDNATE"	"difluprednate"
"DIHYDROERGOTAMINE"	"dihydroergotamine"
"CHLORQUINALDOL"	"chlorquinaldol"
"DIETHYLSTILBESTROL"	"diethylstilbestrol"
"IMMUNOGLOBULINE ANTITETANIQUE"	"immunoglobuline antitetanique"
"FRACTIONS INSAPONIFIABLES D'HUILE DE SOJA ET D'AVOCAT"	"fractions insaponifiables d huile de soja et d avocat"
"MIANSERINE"	"mianserine"
"DANTROLENE"	"dantrolene"
"ALUMINIUM HYDROXYDE"	"aluminium hydroxyde"
"ESTAZOLAM"	"estazolam"
"FLUOROURACILE"	"fluorouracile"
"HYDROCORTISONE BUTYRATE"	"hydrocortisone butyrate"
"DYDROGESTERONE"	"dydrogesterone"
"ANTIACIDES : AUTRES ASSOCIATIONS"	"antiacides autres associations"
"ALUMINIUM PHOSPHATE"	"aluminium phosphate"
"LEVONORGESTREL"	"levonorgestrel"
"TRIMETAZIDINE"	"trimetazidine"
"ACEBUTOLOL"	"acebutolol"
"TICLOPIDINE"	"ticlopidine"
"TIMOLOL + HYDROCHLOROTHIAZIDE + AMILORIDE"	"timolol + hydrochlorothiazide + amiloride"
"ISOCONAZOLE"	"isoconazole"
"DIFLUCORTOLONE"	"diflucortolone"
"INOSINE PRANOBEX"	"inosine pranobex"
"LOXAPINE"	"loxapine"
"NIFEDIPINE"	"nifedipine"
"ALIZAPRIDE"	"alizapride"
"PRAZOSINE"	"prazosine"
"LABETALOL"	"labetalol"
"SULFASALAZINE"	"sulfasalazine"
"PENTOXIFYLLINE"	"pentoxifylline"
"PICLOXYDINE"	"picloxydine"
"ETIFOXINE"	"etifoxine"
"ESTRAMUSTINE"	"estramustine"
"CARRAGHENATES, DIOXYDE DE TITANE, OXYDE DE ZINC"	"carraghenates dioxyde de titane oxyde de zinc"
"DANAZOL"	"danazol"
"IOXAGLIQUE ACIDE"	"ioxaglique acide"
"JOSAMYCINE"	"josamycine"
"BETAMETHASONE (DIPROPIONATE) + ACIDE SALICYLIQUE"	"betamethasone dipropionate + acide salicylique"
"DESMOPRESSINE"	"desmopressine"
"CEFACLOR"	"cefaclor"
"PINDOLOL + CLOPAMIDE"	"pindolol + clopamide"
"FLUBENDAZOLE"	"flubendazole"
"ISOSORBIDE DINITRATE"	"isosorbide dinitrate"
"SULFONATE DE POLYSTYRENE"	"sulfonate de polystyrene"
"CYPROTERONE"	"cyproterone"
"OXPRENOLOL + CHLORTALIDONE"	"oxprenolol + chlortalidone"
"MAGNESIUM SULFATE"	"magnesium sulfate"
"FENOFIBRATE"	"fenofibrate"
"PYRAZINAMIDE"	"pyrazinamide"
"TICARCILLINE"	"ticarcilline"
"HYDROQUINIDINE (CHLORHYDRATE)"	"hydroquinidine chlorhydrate "
"ETHYLE LOFLAZEPATE"	"ethyle loflazepate"
"SODIUM MONOFLUOROPHOSPHATE"	"sodium monofluorophosphate"
"MOLSIDOMINE"	"molsidomine"
"FLUOROMETHOLONE"	"fluorometholone"
"NEFOPAM"	"nefopam"
"PIROXICAM"	"piroxicam"
"NAFTIDROFURYL"	"naftidrofuryl"
"ANDROSTANOLONE"	"androstanolone"
"CLORAZEPATE POTASSIQUE"	"clorazepate potassique"
"PNEUMOCOCCUS, ANTIGENE POLYSACCHARIDIQUE PURIFIE"	"pneumococcus antigene polysaccharidique purifie"
"NETILMICINE"	"netilmicine"
"DIVERS"	"divers"
"IOPAMIDOL"	"iopamidol"
"DEXTROPROPOXYPHENE + PARACETAMOL"	"dextropropoxyphene + paracetamol"
"ADRAFINIL"	"adrafinil"
"LOPRAZOLAM"	"loprazolam"
"PROMEGESTONE"	"promegestone"
"BENZOYLE PEROXYDE"	"benzoyle peroxyde"
"ETHOSUXIMIDE"	"ethosuximide"
"PRAZIQUANTEL"	"praziquantel"
"RANITIDINE"	"ranitidine"
"ACICLOVIR"	"aciclovir"
"NORETHISTERONE, ESTRADIOL"	"norethisterone estradiol"
"KETOCONAZOLE"	"ketoconazole"
"POLIOMYELITE, VIRUS VIVANT TRIVALENT ATTENUE ORAL"	"poliomyelite virus vivant trivalent attenue oral"
"LINCOMYCINE"	"lincomycine"
"GEMFIBROZIL"	"gemfibrozil"
"CLOTIAZEPAM"	"clotiazepam"
"ALFACALCIDOL"	"alfacalcidol"
"ALMITRINE"	"almitrine"
"BEZAFIBRATE"	"bezafibrate"
"CLOMIFENE"	"clomifene"
"FLAVOXATE"	"flavoxate"
"TUAMINOHEPTANE"	"tuaminoheptane"
"CALCITRIOL"	"calcitriol"
"ALPRAZOLAM"	"alprazolam"
"SULFATE DE BARIUM SANS AGENTS DE MISE EN SUSPENSION"	"sulfate de barium sans agents de mise en suspension"
"METOPROLOL + CHLORTALIDONE"	"metoprolol + chlortalidone"
"TOCOPHEROL (VIT E)"	"tocopherol vit e "
"VINCRISTINE"	"vincristine"
"PROPAFENONE"	"propafenone"
"PIPEMIDIQUE ACIDE"	"pipemidique acide"
"NOMEGESTROL"	"nomegestrol"
"TRIFLURIDINE"	"trifluridine"
"SPAGLUMIQUE ACIDE"	"spaglumique acide"
"TIOCONAZOLE"	"tioconazole"
"MINOXIDIL"	"minoxidil"
"CAPTOPRIL"	"captopril"
"CIPROFIBRATE"	"ciprofibrate"
"PINAVERIUM"	"pinaverium"
"PYRIDOXINE (VIT B6)"	"pyridoxine vit b6 "
"FLUVOXAMINE"	"fluvoxamine"
"NORDAZEPAM"	"nordazepam"
"OXATOMIDE"	"oxatomide"
"BIFONAZOLE"	"bifonazole"
"NICARDIPINE"	"nicardipine"
"NADROPARINE"	"nadroparine"
"ASSOCIATIONS OTOLOGIE"	"associations otologie"
"ISOSORBIDE MONONITRATE"	"isosorbide mononitrate"
"LEVOBUNOLOL"	"levobunolol"
"FLUNARIZINE"	"flunarizine"
"GONADORELINE"	"gonadoreline"
"CIMETIDINE"	"cimetidine"
"TRIPTORELINE"	"triptoreline"
"METHYCLOTHIAZIDE + TRIAMTERENE"	"methyclothiazide + triamterene"
"BUSERELINE"	"busereline"
"TERTATOLOL"	"tertatolol"
"FLUTAMIDE"	"flutamide"
"ETODOLAC"	"etodolac"
"INSECTES"	"insectes"
"ANATOXINE TETANIQUE"	"anatoxine tetanique"
"BUMETANIDE"	"bumetanide"
"METIPRANOLOL"	"metipranolol"
"CARTEOLOL"	"carteolol"
"CICLETANINE"	"cicletanine"
"MISOPROSTOL"	"misoprostol"
"NILUTAMIDE"	"nilutamide"
"PENTAERITHRITYL"	"pentaerithrityl"
"SUCRALFATE"	"sucralfate"
"IBUPROFENE"	"ibuprofene"
"MACROGOL EN ASSOCIATION"	"macrogol en association"
"VITAMINES AVEC MINERAUX"	"vitamines avec mineraux"
"BUSPIRONE"	"buspirone"
"ROXITHROMYCINE"	"roxithromycine"
"POTASSIUM CHLORURE"	"potassium chlorure"
"CAPTOPRIL + HYDROCHLOROTHIAZIDE"	"captopril + hydrochlorothiazide"
"MAGNESIUM ASPARTATE"	"magnesium aspartate"
"SULFATE FERREUX + ACIDE FOLIQUE"	"sulfate ferreux + acide folique"
"INDORAMINE"	"indoramine"
"GOSERELINE"	"gosereline"
"FAMOTIDINE"	"famotidine"
"MESALAZINE"	"mesalazine"
"CELIPROLOL"	"celiprolol"
"PARACETAMOL EN ASSOCIATION AVEC DES PSYCHOLEPTIQUES"	"paracetamol en association avec des psycholeptiques"
"GRIPPE-TETANOS"	"grippe tetanos"
"TIOPRONINE"	"tiopronine"
"CALCIUM(GLUCOHEPTONATE, LACTATE, GLUCONATE, CHLORURE, CARBONATE) + LEVURE SACCHAROMYCES CEREVISIAE"	"calcium glucoheptonate lactate gluconate chlorure carbonate + levure saccharomyces cerevisiae"
"ATENOLOL + CHLORTALIDONE"	"atenolol + chlortalidone"
"RILMENIDINE"	"rilmenidine"
"ZUCLOPENTHIXOL"	"zuclopenthixol"
"CIBENZOLINE"	"cibenzoline"
"RIFAMPICINE ET ISONIAZIDE"	"rifampicine et isoniazide"
"CALCIUM CARBONATE"	"calcium carbonate"
"ESTRIOL"	"estriol"
"SALBUTAMOL"	"salbutamol"
"ALBENDAZOLE"	"albendazole"
"FUROSEMIDE + AMILORIDE"	"furosemide + amiloride"
"DEXAMETHASONE, NYSTATINE, SULFATE DE POLYMYXINE B, CHLORHYDRATE D'OXYTETRACYCLINE"	"dexamethasone nystatine sulfate de polymyxine b chlorhydrate d oxytetracycline"
"PEFLOXACINE"	"pefloxacine"
"RIFAMPICINE, PYRAZINAMIDE ET ISONIAZIDE"	"rifampicine pyrazinamide et isoniazide"
"LISINOPRIL"	"lisinopril"
"ATENOLOL + NIFEDIPINE"	"atenolol + nifedipine"
"NITRENDIPINE"	"nitrendipine"
"DALTEPARINE"	"dalteparine"
"BUTOCONAZOLE"	"butoconazole"
"CALCITONINE (SYNTHETIQUE DE SAUMON)"	"calcitonine synthetique de saumon "
"SULFAFURAZOLE + ERYTHROMYCINE"	"sulfafurazole + erythromycine"
"ENALAPRIL + HYDROCHLOROTHIAZIDE"	"enalapril + hydrochlorothiazide"
"ORNITHINE OXOGLUTARATE"	"ornithine oxoglutarate"
"CALCIUM PHOSPHATE"	"calcium phosphate"
"MUPIROCINE"	"mupirocine"
"HEPATITE B, ANTIGENE PURIFIE"	"hepatite b antigene purifie"
"FLUCONAZOLE"	"fluconazole"
"ZINC GLUCONATE"	"zinc gluconate"
"HYDROCORTISONE ACEPONATE"	"hydrocortisone aceponate"
"LACTITOL"	"lactitol"
"CALCIUM FOLINATE"	"calcium folinate"
"VINBURNINE"	"vinburnine"
"NORFLOXACINE"	"norfloxacine"
"AMOXAPINE"	"amoxapine"
"ENOXACINE"	"enoxacine"
"NIZATIDINE"	"nizatidine"
"OMOCONAZOLE"	"omoconazole"
"FLUOXETINE"	"fluoxetine"
"GADOPENTETIQUE ACIDE"	"gadopentetique acide"
"DEXTROMETHORPHANE"	"dextromethorphane"
"CEFUROXIME"	"cefuroxime"
"PODOPHYLLOTOXINE"	"podophyllotoxine"
"ACITRETINE"	"acitretine"
"CEFIXIME"	"cefixime"
"SODIUM HYPOCHLORITE"	"sodium hypochlorite"
"TENOXICAM"	"tenoxicam"
"QUINAPRIL"	"quinapril"
"SIMVASTATINE"	"simvastatine"
"LEVOTHYROXINE SODIQUE"	"levothyroxine sodique"
"FOSFOMYCINE"	"fosfomycine"
"PROGUANIL"	"proguanil"
"SELEGILINE"	"selegiline"
"PIRETANIDE"	"piretanide"
"ACETYLSALICYLATE DE LYSINE"	"acetylsalicylate de lysine"
"PENTAMIDINE ISETHIONATE"	"pentamidine isethionate"
"MEBEVERINE"	"mebeverine"
"ALVERINE EN ASSOCIATION"	"alverine en association"
"PILOCARPINE"	"pilocarpine"
"NABUMETONE"	"nabumetone"
"IOVERSOL"	"ioversol"
"LISURIDE"	"lisuride"
"FELODIPINE"	"felodipine"
"LODOXAMIDE"	"lodoxamide"
"SULCONAZOLE"	"sulconazole"
"CALCIUM (GLUCOHEPTONATE, LACTATE, GLUCONATE, CHLORURE) + LEVURE SACCHAROMYCES CEREVISIAE"	"calcium glucoheptonate lactate gluconate chlorure + levure saccharomyces cerevisiae"
"OLSALAZINE"	"olsalazine"
"ETIDRONIQUE ACIDE"	"etidronique acide"
"CEFPODOXIME"	"cefpodoxime"
"CILAZAPRIL"	"cilazapril"
"MOCLOBEMIDE"	"moclobemide"
"CLODRONIQUE ACIDE"	"clodronique acide"
"PSEUDOEPHEDRINE"	"pseudoephedrine"
"ISRADIPINE"	"isradipine"
"OXITRIPTAN"	"oxitriptan"
"LACIDIPINE"	"lacidipine"
"SECNIDAZOLE"	"secnidazole"
"DIFLUCORTOLONE ET ANTISEPTIQUES"	"diflucortolone et antiseptiques"
"AMPICILLINE + SULBACTAM"	"ampicilline + sulbactam"
"MIDECAMYCINE"	"midecamycine"
"FENTICONAZOLE"	"fenticonazole"
"OXICONAZOLE"	"oxiconazole"
"PSEUDOEPHEDRINE EN ASSOCIATION"	"pseudoephedrine en association"
"FLUNISOLIDE"	"flunisolide"
"ALMINOPROFENE"	"alminoprofene"
"KETOROLAC"	"ketorolac"
"TINZAPARINE"	"tinzaparine"
"MEDROXYPROGESTERONE, ESTRADIOL"	"medroxyprogesterone estradiol"
"SERENOA REPENS"	"serenoa repens"
"SALMETEROL"	"salmeterol"
"LOMEFLOXACINE"	"lomefloxacine"
"ITRACONAZOLE"	"itraconazole"
"HAEMOPHILUS INFLUENZAE B, ANTIGENE PURIFIE CONJUGUE"	"haemophilus influenzae b antigene purifie conjugue"
"FUROSEMIDE + SPIRONOLACTONE"	"furosemide + spironolactone"
"FLUINDIONE"	"fluindione"
"MECLOZINE"	"meclozine"
"TERBINAFINE"	"terbinafine"
"SULFATE FERREUX"	"sulfate ferreux"
"INSULINE HUMAINE"	"insuline humaine"
"FINASTERIDE"	"finasteride"
"ALANINE"	"alanine"
"SUCCINATE FERREUX"	"succinate ferreux"
"CALCIUM EN ASSOCIATION AVEC D'AUTRES SUBSTANCES"	"calcium en association avec d autres substances"
"NICERGOLINE"	"nicergoline"
"CEFOTIAM"	"cefotiam"
"ACENOCOUMAROL"	"acenocoumarol"
"HYALURONIQUE ACIDE"	"hyaluronique acide"
"GLUCAGON"	"glucagon"
"CHONDROITINE SULFATE"	"chondroitine sulfate"
"CYPROTERONE, ESTRADIOL"	"cyproterone estradiol"
"MEGESTROL"	"megestrol"
"RIFABUTINE"	"rifabutine"
"NEDOCROMIL"	"nedocromil"
"DIRITHROMYCINE"	"dirithromycine"
"QUINAPRIL + HYDROCHLOROTHIAZIDE"	"quinapril + hydrochlorothiazide"
"ACETYLCYSTEINE"	"acetylcysteine"
"DICLOFENAC SODIQUE, MISOPROSTOL"	"diclofenac sodique misoprostol"
"GRIPPE, ANTIGENE PURIFIE"	"grippe antigene purifie"
"FLUTICASONE"	"fluticasone"
"ROUGEOLE EN ASSOCIATION A OREILLONS ET RUBEOLE, VIRUS VIVANTS ATTENUES"	"rougeole en association a oreillons et rubeole virus vivants attenues"
"DIHYDROCODEINE"	"dihydrocodeine"
"ACETYLSALICYLATE DE LYSINE, METOCLOPRAMIDE"	"acetylsalicylate de lysine metoclopramide"
"CHLORAMBUCIL"	"chlorambucil"
"BAMBUTEROL"	"bambuterol"
"GRANISETRON"	"granisetron"
"DEXTROPROPOXYPHENE + PARACETAMOL + CAFEINE"	"dextropropoxyphene + paracetamol + cafeine"
"LANREOTIDE"	"lanreotide"
"FORMOTEROL"	"formoterol"
"MOXONIDINE"	"moxonidine"
"VIGABATRIN"	"vigabatrin"
"SUMATRIPTAN"	"sumatriptan"
"GADOTERIDOL"	"gadoteridol"
"ADAPALENE"	"adapalene"
"PERGOLIDE"	"pergolide"
"BIFONAZOLE + UREE"	"bifonazole + uree"
"CALCIUM + VITAMINE D3"	"calcium + vitamine d3"
"AZELASTINE"	"azelastine"
"APRACLONIDINE"	"apraclonidine"
"PILOCARPINE + CARTEOLOL"	"pilocarpine + carteolol"
"DESOGESTREL, ETHINYLESTRADIOL"	"desogestrel ethinylestradiol"
"TILUDRONIQUE ACIDE"	"tiludronique acide"
"QUINAGOLIDE"	"quinagolide"
"APOMORPHINE"	"apomorphine"
"ZIDOVUDINE"	"zidovudine"
"MELOXICAM"	"meloxicam"
"METHADONE"	"methadone"
"RISPERIDONE"	"risperidone"
"CALCIPOTRIOL"	"calcipotriol"
"MACROGOL"	"macrogol"
"ZOLPIDEM"	"zolpidem"
"LACTULOSE EN ASSOCIATION"	"lactulose en association"
"NIMESULIDE"	"nimesulide"
"DIU EN PLASTIQUE AVEC DES PROGESTATIFS"	"diu en plastique avec des progestatifs"
"METHYLPHENIDATE"	"methylphenidate"
"PHOLCODINE"	"pholcodine"
"GANCICLOVIR"	"ganciclovir"
"MEFLOQUINE"	"mefloquine"
"RIMEXOLONE"	"rimexolone"
"TROPISETRON"	"tropisetron"
"EPHEDRINE"	"ephedrine"
"SERTRALINE"	"sertraline"
"HYPROMELLOSE"	"hypromellose"
"TERAZOSINE"	"terazosine"
"ALTIZIDE + SPIRONOLACTONE"	"altizide + spironolactone"
"TIMOLOL + PILOCARPINE"	"timolol + pilocarpine"
"ALENDRONIQUE ACIDE"	"alendronique acide"
"FENOTEROL (BROMHYDRATE) + IPRATROPIUM (BROMURE)"	"fenoterol bromhydrate + ipratropium bromure "
"BEPRIDIL"	"bepridil"
"MAGNESIUM CHLORURE"	"magnesium chlorure"
"TIAGABINE"	"tiagabine"
"PROGUANIL + CHLOROQUINE"	"proguanil + chloroquine"
"STAVUDINE"	"stavudine"
"QUININE, QUINIDINE, CINCHONINE, CINCHONIDINE"	"quinine quinidine cinchonine cinchonidine"
"FAMCICLOVIR"	"famciclovir"
"FOLLITROPINE BETA"	"follitropine beta"
"MOEXIPRIL"	"moexipril"
"NEBIVOLOL"	"nebivolol"
"NALTREXONE"	"naltrexone"
"RITONAVIR"	"ritonavir"
"SERTACONAZOLE"	"sertaconazole"
"SAQUINAVIR"	"saquinavir"
"INDINAVIR"	"indinavir"
"CHLORTETRACYCLINE"	"chlortetracycline"
"CARVEDILOL"	"carvedilol"
"ANASTROZOLE"	"anastrozole"
"ERYTHROMYCINE EN ASSOCIATION"	"erythromycine en association"
"OCTREOTIDE"	"octreotide"
"MULTIENZYMES (LIPASE, PROTEASE...)"	"multienzymes lipase protease "
"P-AMINOSALICYLATE DE SODIUM DIHYDRATE"	"p aminosalicylate de sodium dihydrate"
"POTASSIUM GLUCONATE"	"potassium gluconate"
"BUFLOMEDIL"	"buflomedil"
"HELICOBACTER"	"helicobacter"
"SPIRONOLACTONE"	"spironolactone"
"DIPYRIDAMOLE + ACIDE ACETYLSALICYLIQUE"	"dipyridamole + acide acetylsalicylique"
"ASSOCIATIONS DE DIFFERENTS ANTIBIOTIQUES OPHTALMOLOGIE"	"associations de differents antibiotiques ophtalmologie"
"DIDANOSINE"	"didanosine"
"DYDROGESTERONE, ESTRADIOL"	"dydrogesterone estradiol"
"MANNITOL"	"mannitol"
"TAZAROTENE"	"tazarotene"
"CAFEINE"	"cafeine"
"FEXOFENADINE"	"fexofenadine"
"TOLCAPONE"	"tolcapone"
"BRIMONIDINE"	"brimonidine"
"ACECLOFENAC"	"aceclofenac"
"MELPHALAN"	"melphalan"
"MIGLITOL"	"miglitol"
"SODIUM DIHYDROGENOPHOSPHATE DODECAHYDRATE+ SODIUM HYDROGENOPHOSPHATE DIHYDRATE"	"sodium dihydrogenophosphate dodecahydrate+ sodium hydrogenophosphate dihydrate"
"CICLOSPORINE"	"ciclosporine"
"FOSINOPRIL + HYDROCHLOROTHIAZIDE"	"fosinopril + hydrochlorothiazide"
"CHLORHEXIDINE/CHLOROBUTANOL"	"chlorhexidine chlorobutanol"
"GLUCOSAMINE"	"glucosamine"
"AMIFAMPRIDINE"	"amifampridine"
"PHOSPHATE MONOSODIQUE MONOHYDRATE+ PHOSPHATE DISODIQUE ANHYDRE"	"phosphate monosodique monohydrate+ phosphate disodique anhydre"
"AMISULPRIDE"	"amisulpride"
"LEVOCABASTINE"	"levocabastine"
"GADOBENIQUE ACIDE"	"gadobenique acide"
"SCOPOLAMINE"	"scopolamine"
"ISONIAZIDE"	"isoniazide"
"SODIUM FLUORURE EN ASSOCIATION"	"sodium fluorure en association"
"NADOLOL"	"nadolol"
"SODIUM BORATE"	"sodium borate"
"MIDODRINE"	"midodrine"
"PHYTOMENADIONE"	"phytomenadione"
"TOPIRAMATE"	"topiramate"
"BENZETHONIUM CHLORURE EN ASSOCIATION"	"benzethonium chlorure en association"
"FLUNITRAZEPAM"	"flunitrazepam"
"CEFRADINE"	"cefradine"
"PIPOBROMAN"	"pipobroman"
"HYDROMORPHONE"	"hydromorphone"
"CALCIUM LEVOFOLINATE"	"calcium levofolinate"
"IMIQUIMOD"	"imiquimod"
"ERYTHROPOIETINE"	"erythropoietine"
"INTERFERON ALFA-2B"	"interferon alfa 2b"
"VACCIN BCG"	"vaccin bcg"
"LENOGRASTIM"	"lenograstim"
"OLMESARTAN MEDOXOMIL + HYDROCHLOROTHIAZIDE"	"olmesartan medoxomil + hydrochlorothiazide"
"IMIDAPRIL"	"imidapril"
"TACALCITOL"	"tacalcitol"
"ANTIINFLAMMATOIRES NON STEROIDIENS ET ANTIINFECTIEUX EN ASSOCIATION"	"antiinflammatoires non steroidiens et antiinfectieux en association"
"ETONOGESTREL"	"etonogestrel"
"ALCALOIDES NATURELS DE L'OPIUM"	"alcaloides naturels de l opium"
"PARACETAMOL, EXTRAIT SEC D'OPIUM, CAFEINE"	"paracetamol extrait sec d opium cafeine"
"BUTYLSCOPOLAMINE"	"butylscopolamine"
"BECAPLERMINE"	"becaplermine"
"CETRORELIX"	"cetrorelix"
"IVERMECTINE"	"ivermectine"
"INTERFERON ALFA-2A"	"interferon alfa 2a"
"INSULINE ASPART"	"insuline aspart"
"DIPHTERIE-POLYOMIELITE-TETANOS"	"diphterie polyomielite tetanos"
"ASSOCIATION ACIDES AMINES, GLUCOSE ET LIPIDES"	"association acides amines glucose et lipides"
"NAFARELINE"	"nafareline"
"FILGRASTIM"	"filgrastim"
"TUBERCULINE"	"tuberculine"
"BRINZOLAMIDE"	"brinzolamide"
"AZATHIOPRINE"	"azathioprine"
"SALMETEROL + FLUTICASONE"	"salmeterol + fluticasone"
"INSULINE GLARGINE"	"insuline glargine"
"DIPHTERIE-HAEMOPHILUS INFLUENZAE B-COQUELUCHE-POLIOMYELITE-TETANOS-HEPATITE"	"diphterie haemophilus influenzae b coqueluche poliomyelite tetanos hepatite"
"LUTROPINE ALFA"	"lutropine alfa"
"ELECTROLYTES AVEC HYDRATES DE CARBONE"	"electrolytes avec hydrates de carbone"
"DIPHTERIE-COQUELUCHE-POLIOMYELITE-TETANOS"	"diphterie coqueluche poliomyelite tetanos"
"DIPHTERIE-HAEMOPHILUS INFLUENZAE B-COQUELUCHE-POLIOMYELITE-TETANOS"	"diphterie haemophilus influenzae b coqueluche poliomyelite tetanos"
"GANIRELIX"	"ganirelix"
"VERTEPORFIN"	"verteporfin"
"LEVONORGESTREL, ESTRADIOL"	"levonorgestrel estradiol"
"ROSIGLITAZONE"	"rosiglitazone"
"NITRAZEPAM"	"nitrazepam"
"FROVATRIPTAN"	"frovatriptan"
"PIOGLITAZONE"	"pioglitazone"
"EPROSARTAN"	"eprosartan"
"ASSOCIATION D'ACIDES AMINES, GLUCOSE ET ELECTROLYTES"	"association d acides amines glucose et electrolytes"
"VITAMINES"	"vitamines"
"FORMOTEROL + BUDESONIDE"	"formoterol + budesonide"
"LOPINAVIR + RITONAVIR"	"lopinavir + ritonavir"
"DARBEPOETINE ALFA"	"darbepoetine alfa"
"PNEUMOCOCCUS, ANTIGENE POLYSACCHARIDIQUE PURIFIE CONJUGUE"	"pneumococcus antigene polysaccharidique purifie conjugue"
"SIROLIMUS"	"sirolimus"
"TRIGLYCERIDES OMEGA3 (AUTRES ESTERS ET ACIDES INCLUS)"	"triglycerides omega3 autres esters et acides inclus "
"SEVELAMER"	"sevelamer"
"MITOMYCINE"	"mitomycine"
"TELITHROMYCINE"	"telithromycine"
"SOUFRE HEXAFLUORURE"	"soufre hexafluorure"
"TRANDOLAPRIL ET VERAPAMIL"	"trandolapril et verapamil"
"DIENOGEST, ESTRADIOL"	"dienogest estradiol"
"ISOTRETINOINE"	"isotretinoine"
"METFORMINE ET GLIBENCLAMIDE"	"metformine et glibenclamide"
"GESTODENE, ESTRADIOL"	"gestodene estradiol"
"NOMEGESTROL ET ESTRADIOL"	"nomegestrol et estradiol"
"TRAVOPROST"	"travoprost"
"FLUDARABINE"	"fludarabine"
"TACROLIMUS"	"tacrolimus"
"CALCITONINE (SYNTHETIQUE HUMAINE)"	"calcitonine synthetique humaine "
"CLOPIDOGREL + ACIDE ACETYLSALICYLIQUE"	"clopidogrel + acide acetylsalicylique"
"BIMATOPROST"	"bimatoprost"
"FONDAPARINUX"	"fondaparinux"
"CLONIDINE"	"clonidine"
"PEGINTERFERON ALFA-2B"	"peginterferon alfa 2b"
"AUTRES PREPARATIONS ANTIACNEIQUES A USAGE TOPIQUE"	"autres preparations antiacneiques a usage topique"
"ROMIPLOSTIME"	"romiplostime"
"OLOPATADINE"	"olopatadine"
"VALGANCICLOVIR"	"valganciclovir"
"PEGFILGRASTIM"	"pegfilgrastim"
"PEGVISOMANT"	"pegvisomant"
"GADOBUTROL"	"gadobutrol"
"CALCIPOTRIOL + BETAMETHASONE"	"calcipotriol + betamethasone"
"TEMAZEPAM"	"temazepam"
"URAPIDIL"	"urapidil"
"ABACAVIR"	"abacavir"
"ZIDOVUDINE, LAMIVUDINE ET ABACAVIR"	"zidovudine lamivudine et abacavir"
"CARBIMAZOLE"	"carbimazole"
"CEFATRIZINE"	"cefatrizine"
"DIPHTERIE-HAEMOPHILUS-COQUELUCHE-POLIOMYELITE-TETANOS"	"diphterie haemophilus coqueluche poliomyelite tetanos"
"ADEFOVIR DIPIVOXIL"	"adefovir dipivoxil"
"PYRIDOSTIGMINE"	"pyridostigmine"
"DUTASTERIDE"	"dutasteride"
"ROSUVASTATINE"	"rosuvastatine"
"TERIPARATIDE"	"teriparatide"
"ENFUVIRTIDE"	"enfuvirtide"
"ADALIMUMAB"	"adalimumab"
"CHORIOGONADOTROPINE ALFA"	"choriogonadotropine alfa"
"IMATINIB"	"imatinib"
"EMTRICITABINE"	"emtricitabine"
"EPINASTINE"	"epinastine"
"EZETIMIBE"	"ezetimibe"
"OLMESARTAN MEDOXOMIL"	"olmesartan medoxomil"
"STERCULIA"	"sterculia"
"VARICELLE, VIRUS VIVANT ATTENUE"	"varicelle virus vivant attenue"
"PRAMIPEXOLE"	"pramipexole"
"IBANDRONIQUE ACIDE"	"ibandronique acide"
"FULVESTRANT"	"fulvestrant"
"METFORMINE ET ROSIGLITAZONE"	"metformine et rosiglitazone"
"APREPITANT"	"aprepitant"
"GLATIRAMERE ACETATE"	"glatiramere acetate"
"IMMUNOGLOBULINE ANTI-D (RH)"	"immunoglobuline anti d rh "
"MIZOLASTINE"	"mizolastine"
"ATAZANAVIR"	"atazanavir"
"FOSAMPRENAVIR"	"fosamprenavir"
"CLADRIBINE"	"cladribine"
"EVEROLIMUS"	"everolimus"
"HYDROXYCHLOROQUINE (SULFATE)"	"hydroxychloroquine sulfate "
"TUBERCULOSE, BACTERIE VIVANTE ATTENUEE"	"tuberculose bacterie vivante attenuee"
"CARBOCISTEINE"	"carbocisteine"
"ENOXAPARINE"	"enoxaparine"
"COLISTINE"	"colistine"
"NICOTINIQUE ACIDE"	"nicotinique acide"
"INSULINE DETEMIR"	"insuline detemir"
"CINACALCET"	"cinacalcet"
"STRONTIUM RANELATE"	"strontium ranelate"
"ANAGRELIDE"	"anagrelide"
"INSULINE GLULISINE"	"insuline glulisine"
"SOLIFENACINE"	"solifenacine"
"TENOFOVIR DISOPROXIL ET EMTRICITABINE"	"tenofovir disoproxil et emtricitabine"
"ANTIDOTES = DMSA (SUCCIMER)"	"antidotes = dmsa succimer "
"LEVOCARNITINE"	"levocarnitine"
"NIMODIPINE"	"nimodipine"
"ATOVAQUONE"	"atovaquone"
"LAMIVUDINE ET ABACAVIR"	"lamivudine et abacavir"
"BEXAROTENE"	"bexarotene"
"ETOPOSIDE"	"etoposide"
"RASAGILINE"	"rasagiline"
"IMIPENEME + CILASTATINE"	"imipeneme + cilastatine"
"ZONISAMIDE"	"zonisamide"
"VINORELBINE"	"vinorelbine"
"ZOFENOPRIL + HYDROCHLOROTHIAZIDE"	"zofenopril + hydrochlorothiazide"
"LEUPRORELINE"	"leuproreline"
"TIOTROPIUM"	"tiotropium"
"PAMIDRONIQUE ACIDE"	"pamidronique acide"
"IPRONIAZIDE"	"iproniazide"
"POLLEN D'HERBE"	"pollen d herbe"
"TEGAFUR, URACILE"	"tegafur uracile"
"PIPERACILLINE + TAZOBACTAM"	"piperacilline + tazobactam"
"AZTREONAM"	"aztreonam"
"ERLOTINIB"	"erlotinib"
"ALENDRONIQUE ACIDE ET COLECALCIFEROL"	"alendronique acide et colecalciferol"
"TIPRANAVIR"	"tipranavir"
"ATORVASTATINE ET AMLODIPINE"	"atorvastatine et amlodipine"
"TETRABENAZINE"	"tetrabenazine"
"AUTRES MEDICAMENTS POUR DIAGNOSTIC"	"autres medicaments pour diagnostic"
"SIMVASTATINE ET EZETIMIBE"	"simvastatine et ezetimibe"
"PRAVASTATINE ET ACIDE ACETYLSALICYLIQUE"	"pravastatine et acide acetylsalicylique"
"OMALIZUMAB"	"omalizumab"
"CEFEPIME"	"cefepime"
"CALCIUM GLUBIONATE"	"calcium glubionate"
"AUTRES ELEMENTS MINERAUX"	"autres elements mineraux"
"METOPROLOL + FELODIPINE"	"metoprolol + felodipine"
"OXPRENOLOL"	"oxprenolol"
"IVABRADINE"	"ivabradine"
"TIMOLOL + BRIMONIDINE"	"timolol + brimonidine"
"FOSINOPRIL"	"fosinopril"
"CEFTAZIDIME"	"ceftazidime"
"ROTIGOTINE"	"rotigotine"
"ZOFENOPRIL"	"zofenopril"
"ELTROMBOPAG"	"eltrombopag"
"CORIFOLLITROPINE ALFA"	"corifollitropine alfa"
"GESTODENE, ETHINYLESTRADIOL"	"gestodene ethinylestradiol"
"MANIDIPINE"	"manidipine"
"CODEINE + ERYSIMUM"	"codeine + erysimum"
"LIOTHYRONINE SODIQUE + LEVOTHYROXINE SODIQUE"	"liothyronine sodique + levothyroxine sodique"
"USTEKINUMAB"	"ustekinumab"
"SILODOSINE"	"silodosine"
"TIMOLOL + TRAVOPROST"	"timolol + travoprost"
"VIRUS VARICELLE-ZONA VIVANT, ATTENUE"	"virus varicelle zona vivant attenue"
"CALCIUM GLUCONATE"	"calcium gluconate"
"EPROSARTAN + HYDROCHLOROTHIAZIDE"	"eprosartan + hydrochlorothiazide"
"SORAFENIB"	"sorafenib"
"ENTECAVIR"	"entecavir"
"DEFERASIROX"	"deferasirox"
"TICARCILLINE + ACIDE CLAVULANIQUE"	"ticarcilline + acide clavulanique"
"PAPILLOMAVIRUS (TYPES HUMAINS 6, 11, 16, 18)"	"papillomavirus types humains 6 11 16 18 "
"VARENICLINE"	"varenicline"
"METHYLE AMINOLEVULINATE"	"methyle aminolevulinate"
"METFORMINE ET PIOGLITAZONE"	"metformine et pioglitazone"
"BUPRENORPHINE + NALOXONE"	"buprenorphine + naloxone"
"DASATINIB"	"dasatinib"
"VALSARTAN ET AMLODIPINE"	"valsartan et amlodipine"
"STIRIPENTOL"	"stiripentol"
"SITAGLIPTINE"	"sitagliptine"
"PIVMECILLINAM"	"pivmecillinam"
"PROPYLTHIOURACILE"	"propylthiouracile"
"RISEDRONIQUE ACIDE, CALCIUM ET COLECALCIFEROL, EN SEQUENTIEL"	"risedronique acide calcium et colecalciferol en sequentiel"
"CALCIUM ACETATE ANHYDROUS"	"calcium acetate anhydrous"
"MECASERMINE"	"mecasermine"
"METHOXY POLYETHYLENE GLYCOL-EPOETINE BETA"	"methoxy polyethylene glycol epoetine beta"
"ALISKIREN"	"aliskiren"
"PAPILLOMAVIRUS (TYPES HUMAINS 16, 18)"	"papillomavirus types humains 16 18 "
"TIOTROPIUM BROMURE"	"tiotropium bromure"
"VILDAGLIPTINE"	"vildagliptine"
"SUNITINIB"	"sunitinib"
"MARAVIROC"	"maraviroc"
"PEGAPTANIB"	"pegaptanib"
"RUPATADINE"	"rupatadine"
"EMTRICITABINE, TENOFOVIR DISOPROXIL ET EFAVIRENZ"	"emtricitabine tenofovir disoproxil et efavirenz"
"DEMECLOCYCLINE"	"demeclocycline"
"LAPATINIB"	"lapatinib"
"PICOSULFATE DE SODIUM, OXYDE DE MAGNESIUM, ACIDE CITRIQUE"	"picosulfate de sodium oxyde de magnesium acide citrique"
"TOPOTECAN"	"topotecan"
"DABIGATRAN"	"dabigatran"
"FEBUXOSTAT"	"febuxostat"
"PERINDOPRIL ET AMLODIPINE"	"perindopril et amlodipine"
"METFORMINE ET SITAGLIPTINE"	"metformine et sitagliptine"
"METHYLNALTREXONE BROMURE"	"methylnaltrexone bromure"
"CALCIUM + CHOLECALCIFEROL"	"calcium + cholecalciferol"
"ETORICOXIB"	"etoricoxib"
"OLMESARTAN MEDOXOMIL ET AMLODIPINE"	"olmesartan medoxomil et amlodipine"
"TAMSULOSINE ET DUTASTERIDE"	"tamsulosine et dutasteride"
"ALITRETINOINE"	"alitretinoine"
"CICLESONIDE"	"ciclesonide"
"FLUDROCORTISONE"	"fludrocortisone"
"THIAMAZOLE"	"thiamazole"
"TIMOLOL + BRINZOLAMIDE"	"timolol + brinzolamide"
"ALISKIREN ET HYDROCHLOROTHIAZIDE"	"aliskiren et hydrochlorothiazide"
"NEBIVOLOL + HYDROCHLOROTHIAZIDE"	"nebivolol + hydrochlorothiazide"
"DEGARELIX"	"degarelix"
"AGOMELATINE"	"agomelatine"
"GEFITINIB"	"gefitinib"
"LIRAGLUTIDE"	"liraglutide"
"CERTOLIZUMAB PEGOL"	"certolizumab pegol"
"ESLICARBAZEPINE"	"eslicarbazepine"
"SAXAGLIPTINE"	"saxagliptine"
"CANAKINUMAB"	"canakinumab"
"CODEINE + IBUPROFENE"	"codeine + ibuprofene"
"HYDRATES DE CARBONE"	"hydrates de carbone"
"PRASUGREL"	"prasugrel"
"DRONEDARONE"	"dronedarone"
"INDACATEROL"	"indacaterol"
"PIRFENIDONE"	"pirfenidone"
"RETIGABINE"	"retigabine"
"PALIPERIDONE"	"paliperidone"
"FINGOLIMOD"	"fingolimod"
"BOCEPREVIR"	"boceprevir"
"PAZOPANIB"	"pazopanib"
"TELMISARTAN ET AMLODIPINE"	"telmisartan et amlodipine"
"PARACETAMOL, POUDRE D'OPIUM"	"paracetamol poudre d opium"
"TICAGRELOR"	"ticagrelor"
"BILASTINE"	"bilastine"
