"dci"	"dcirenommer"	"relation"	"code"	"substance"	"validation"
"ABATACEPT"	NA	"same"	97144	"abatacept"	"automatique"
"ACEBUTOLOL"	NA	"same"	63130	"acebutolol"	"automatique"
"ACECLOFENAC"	NA	"same"	62180	"aceclofenac"	"automatique"
"ACENOCOUMAROL"	NA	"same"	998	"acenocoumarol"	"automatique"
"ACETAZOLAMIDE"	NA	"same"	1006	"acetazolamide"	"automatique"
"ACICLOVIR"	NA	"same"	25715	"aciclovir"	"automatique"
"ACIDE ALENDRONIQUE"	NA	"same"	35532	"acide alendronique"	"automatique"
"ACIDE CHENODESOXYCHOLIQUE"	NA	"same"	345	"acide chenodesoxycholique"	"automatique"
"ACIDE CHOLIQUE"	NA	"same"	767	"acide cholique"	"automatique"
"ACIDE IBANDRONIQUE"	NA	"same"	24277	"acide ibandronique"	"automatique"
"ACIDE MEDRONIQUE"	NA	"same"	26808	"acide medronique"	"automatique"
"ACIDE MEFENAMIQUE"	NA	"same"	1056	"acide mefenamique"	"automatique"
"ACIDE NICOTINIQUE"	NA	"same"	1061	"acide nicotinique"	"automatique"
"ACIDE NIFLUMIQUE"	NA	"same"	1062	"acide niflumique"	"automatique"
"ACIDE RISEDRONIQUE"	NA	"same"	99915	"acide risedronique"	"automatique"
"ACIDE TIAPROFENIQUE"	NA	"same"	3385	"acide tiaprofenique"	"automatique"
"ACIDE URSODESOXYCHOLIQUE"	NA	"same"	981	"acide ursodesoxycholique"	"automatique"
"ACITRETINE"	NA	"same"	8578	"acitretine"	"automatique"
"ADALIMUMAB"	NA	"same"	80114	"adalimumab"	"automatique"
"ADEFOVIR"	NA	"same"	58472	"adefovir"	"automatique"
"ADRENALINE"	NA	"same"	1080	"adrenaline"	"automatique"
"AGOMELATINE"	NA	"same"	38188	"agomelatine"	"automatique"
"ALBENDAZOLE"	NA	"same"	3348	"albendazole"	"automatique"
"ALDESLEUKINE"	NA	"same"	17295	"aldesleukine"	"automatique"
"ALFACALCIDOL"	NA	"same"	988	"alfacalcidol"	"automatique"
"ALFENTANIL"	NA	"same"	5922	"alfentanil"	"automatique"
"ALIMEMAZINE"	NA	"same"	1090	"alimemazine"	"automatique"
"ALITRETINOINE"	NA	"same"	62086	"alitretinoine"	"automatique"
"ALIZAPRIDE"	NA	"same"	32273	"alizapride"	"automatique"
"ALLOPURINOL"	NA	"same"	1097	"allopurinol"	"automatique"
"ALMINOPROFENE"	NA	"same"	20863	"alminoprofene"	"automatique"
"ALMOTRIPTAN"	NA	"same"	64860	"almotriptan"	"automatique"
"ALPHA-PINENE"	NA	"same"	54952	"alpha pinene"	"automatique"
"ALPHA-TOCOPHEROL"	NA	"same"	923	"alpha tocopherol"	"automatique"
"ALPRAZOLAM"	NA	"same"	13112	"alprazolam"	"automatique"
"ALTIZIDE"	NA	"same"	1106	"altizide"	"automatique"
"ALTRETAMINE"	NA	"same"	868	"altretamine"	"automatique"
"AMBRISENTAN"	NA	"same"	95484	"ambrisentan"	"automatique"
"AMIKACINE"	NA	"same"	22273	"amikacine"	"automatique"
"AMINOGLUTETHIMIDE"	NA	"same"	1961	"aminoglutethimide"	"automatique"
"AMINOPHYLLINE"	NA	"same"	1130	"aminophylline"	"automatique"
"AMISULPRIDE"	NA	"same"	9231	"amisulpride"	"automatique"
"AMITRIPTYLINE"	NA	"same"	1140	"amitriptyline"	"automatique"
"AMLODIPINE"	NA	"same"	39727	"amlodipine"	"automatique"
"AMOXAPINE"	NA	"same"	877	"amoxapine"	"automatique"
"AMOXICILLINE"	NA	"same"	5248	"amoxicilline"	"automatique"
"AMPHOTERICINE B"	NA	"same"	1150	"amphotericine b"	"automatique"
"AMPRENAVIR"	NA	"same"	85581	"amprenavir"	"automatique"
"AMSACRINE"	NA	"same"	16948	"amsacrine"	"automatique"
"ANAGRELIDE"	NA	"same"	69478	"anagrelide"	"automatique"
"ANAKINRA"	NA	"same"	65595	"anakinra"	"automatique"
"ANDROSTANOLONE"	NA	"same"	50	"androstanolone"	"automatique"
"APIXABAN"	NA	"same"	61321	"apixaban"	"automatique"
"APREPITANT"	NA	"same"	84452	"aprepitant"	"automatique"
"ARIPIPRAZOLE"	NA	"same"	96835	"aripiprazole"	"automatique"
"ARTENIMOL"	NA	"same"	84578	"artenimol"	"automatique"
"ASENAPINE"	NA	"same"	32069	"asenapine"	"automatique"
"ASPARAGINASE"	NA	"same"	57	"asparaginase"	"automatique"
"ATAZANAVIR"	NA	"same"	27570	"atazanavir"	"automatique"
"ATENOLOL"	NA	"same"	762	"atenolol"	"automatique"
"ATOMOXETINE"	NA	"same"	70797	"atomoxetine"	"automatique"
"ATORVASTATINE"	NA	"same"	19809	"atorvastatine"	"automatique"
"ATOVAQUONE"	NA	"same"	3009	"atovaquone"	"automatique"
"ATRACURIUM"	NA	"same"	34378	"atracurium"	"automatique"
"ATROPINE"	NA	"same"	10321	"atropine"	"automatique"
"AVANAFIL"	NA	"same"	92375	"avanafil"	"automatique"
"AXITINIB"	NA	"same"	46333	"axitinib"	"automatique"
"AZACITIDINE"	NA	"same"	88044	"azacitidine"	"automatique"
"AZATHIOPRINE"	NA	"same"	1200	"azathioprine"	"automatique"
"AZELASTINE"	NA	"same"	75817	"azelastine"	"automatique"
"AZITHROMYCINE"	NA	"same"	96035	"azithromycine"	"automatique"
"AZTREONAM"	NA	"same"	79481	"aztreonam"	"automatique"
"BACLOFENE"	NA	"same"	812	"baclofene"	"automatique"
"BENDROFLUMETHIAZIDE"	NA	"same"	1215	"bendroflumethiazide"	"automatique"
"BENETHAMINE-PENICILLINE"	NA	"same"	443	"benethamine penicilline"	"automatique"
"BENZBROMARONE"	NA	"same"	150	"benzbromarone"	"automatique"
"BETAMETHASONE"	NA	"same"	1261	"betamethasone"	"automatique"
"BETA-PINENE"	NA	"same"	22617	"beta pinene"	"automatique"
"BEZAFIBRATE"	NA	"same"	10803	"bezafibrate"	"automatique"
"BISACODYL"	NA	"same"	73	"bisacodyl"	"automatique"
"BISOPROLOL"	NA	"same"	97658	"bisoprolol"	"automatique"
"BLEOMYCINE"	NA	"same"	55004	"bleomycine"	"automatique"
"BLEU DE METHYLENE"	NA	"same"	1281	"bleu de methylene"	"automatique"
"BOCEPREVIR"	NA	"same"	67851	"boceprevir"	"automatique"
"BOLDO"	NA	"same"	132	"boldo"	"automatique"
"BORTEZOMIB"	NA	"same"	98525	"bortezomib"	"automatique"
"BOSENTAN"	NA	"same"	39357	"bosentan"	"automatique"
"BOSUTINIB"	NA	"same"	36680	"bosutinib"	"automatique"
"BOURDAINE"	NA	"same"	134	"bourdaine"	"automatique"
"BROMAZEPAM"	NA	"same"	907	"bromazepam"	"automatique"
"BROTIZOLAM"	NA	"same"	11498	"brotizolam"	"automatique"
"BUDESONIDE"	NA	"same"	24381	"budesonide"	"automatique"
"BUMETANIDE"	NA	"same"	569	"bumetanide"	"automatique"
"BUPRENORPHINE"	NA	"same"	54459	"buprenorphine"	"automatique"
"BUSULFAN"	NA	"same"	1317	"busulfan"	"automatique"
"BUTOBARBITAL"	NA	"same"	1330	"butobarbital"	"automatique"
"CABAZITAXEL"	NA	"same"	97952	"cabazitaxel"	"automatique"
"CABERGOLINE"	NA	"same"	32131	"cabergoline"	"automatique"
"CABOZANTINIB"	NA	"same"	97435	"cabozantinib"	"automatique"
"CAFEINE"	NA	"same"	420	"cafeine"	"automatique"
"CALCITRIOL"	NA	"same"	8112	"calcitriol"	"automatique"
"CAMPHRE"	NA	"same"	436	"camphre"	"automatique"
"CANDESARTAN CILEXETIL"	NA	"same"	73594	"candesartan cilexetil"	"automatique"
"CANRENOATE DE POTASSIUM"	NA	"same"	3102	"canrenoate de potassium"	"automatique"
"CAPECITABINE"	NA	"same"	91877	"capecitabine"	"automatique"
"CAPTOPRIL"	NA	"same"	21053	"captopril"	"automatique"
"CARBAMAZEPINE"	NA	"same"	1351	"carbamazepine"	"automatique"
"CARBOPLATINE"	NA	"same"	5865	"carboplatine"	"automatique"
"CARBUTAMIDE"	NA	"same"	1988	"carbutamide"	"automatique"
"CARMUSTINE"	NA	"same"	8011	"carmustine"	"automatique"
"CARVEDILOL"	NA	"same"	27222	"carvedilol"	"automatique"
"CASCARA"	NA	"same"	16514	"cascara"	"automatique"
"CEFALOTINE"	NA	"same"	63303	"cefalotine"	"automatique"
"CEFOPERAZONE"	NA	"same"	62399	"cefoperazone"	"automatique"
"CEFOTETAN"	NA	"same"	98532	"cefotetan"	"automatique"
"CEFTRIAXONE"	NA	"same"	35232	"ceftriaxone"	"automatique"
"CELECOXIB"	NA	"same"	63854	"celecoxib"	"automatique"
"CELIPROLOL"	NA	"same"	78429	"celiprolol"	"automatique"
"CHARBON ACTIVE"	NA	"same"	4204	"charbon active"	"automatique"
"CHARBON VEGETAL OFFICINAL"	NA	"same"	447	"charbon vegetal officinal"	"automatique"
"CHLORAMBUCIL"	NA	"same"	1393	"chlorambucil"	"automatique"
"CHLORDIAZEPOXIDE"	NA	"same"	1400	"chlordiazepoxide"	"automatique"
"CHLOROQUINE"	NA	"same"	21497	"chloroquine"	"automatique"
"CHLORPROMAZINE"	NA	"same"	1430	"chlorpromazine"	"automatique"
"CHLORPROPAMIDE"	NA	"same"	1431	"chlorpropamide"	"automatique"
"CHLORTALIDONE"	NA	"same"	1434	"chlortalidone"	"automatique"
"CHOLECALCIFEROL"	NA	"same"	1525	"cholecalciferol"	"automatique"
"CIBENZOLINE"	NA	"same"	15911	"cibenzoline"	"automatique"
"CICLESONIDE"	NA	"same"	74522	"ciclesonide"	"automatique"
"CICLOSPORINE"	NA	"same"	26649	"ciclosporine"	"automatique"
"CILAZAPRIL"	NA	"same"	76788	"cilazapril"	"automatique"
"CILOSTAZOL"	NA	"same"	72059	"cilostazol"	"automatique"
"CIMETIDINE"	NA	"same"	587	"cimetidine"	"automatique"
"CINACALCET"	NA	"same"	81461	"cinacalcet"	"automatique"
"CINEOLE"	NA	"same"	3666	"cineole"	"automatique"
"CIPROFIBRATE"	NA	"same"	11650	"ciprofibrate"	"automatique"
"CIPROFLOXACINE"	NA	"same"	66431	"ciprofloxacine"	"automatique"
"CISATRACURIUM"	NA	"same"	53028	"cisatracurium"	"automatique"
"CISPLATINE"	NA	"same"	873	"cisplatine"	"automatique"
"CITALOPRAM"	NA	"same"	57088	"citalopram"	"automatique"
"CLADRIBINE"	NA	"same"	97330	"cladribine"	"automatique"
"CLARITHROMYCINE"	NA	"same"	24563	"clarithromycine"	"automatique"
"CLEVIDIPINE"	NA	"same"	39398	"clevidipine"	"automatique"
"CLINDAMYCINE"	NA	"same"	48296	"clindamycine"	"automatique"
"CLOBAZAM"	NA	"same"	461	"clobazam"	"automatique"
"CLOFARABINE"	NA	"same"	94880	"clofarabine"	"automatique"
"CLOFIBRATE"	NA	"same"	1484	"clofibrate"	"automatique"
"CLONAZEPAM"	NA	"same"	463	"clonazepam"	"automatique"
"CLOPAMIDE"	NA	"same"	1498	"clopamide"	"automatique"
"CLOPIDOGREL"	NA	"same"	54693	"clopidogrel"	"automatique"
"CLOTIAZEPAM"	NA	"same"	20441	"clotiazepam"	"automatique"
"CLOXACILLINE"	NA	"same"	13835	"cloxacilline"	"automatique"
"CLOZAPINE"	NA	"same"	74798	"clozapine"	"automatique"
"COBICISTAT"	NA	"same"	56996	"cobicistat"	"automatique"
"CODEINE"	NA	"same"	467	"codeine"	"automatique"
"COLCHICINE"	NA	"same"	469	"colchicine"	"automatique"
"COLESTYRAMINE"	NA	"same"	1526	"colestyramine"	"automatique"
"CORTIVAZOL"	NA	"same"	471	"cortivazol"	"automatique"
"CRIZOTINIB"	NA	"same"	46435	"crizotinib"	"automatique"
"CYAMEMAZINE"	NA	"same"	8846	"cyamemazine"	"automatique"
"CYANOCOBALAMINE"	NA	"same"	1539	"cyanocobalamine"	"automatique"
"CYCLOPHOSPHAMIDE"	NA	"same"	1556	"cyclophosphamide"	"automatique"
"CYCLOTHIAZIDE"	NA	"same"	1561	"cyclothiazide"	"automatique"
"CYPROHEPTADINE"	NA	"same"	32109	"cyproheptadine"	"automatique"
"CYTARABINE"	NA	"same"	1574	"cytarabine"	"automatique"
"DABRAFENIB"	NA	"same"	44109	"dabrafenib"	"automatique"
"DACARBAZINE"	NA	"same"	141	"dacarbazine"	"automatique"
"DACLATASVIR"	NA	"same"	77015	"daclatasvir"	"automatique"
"DACTINOMYCINE"	NA	"same"	43031	"dactinomycine"	"automatique"
"DALTEPARINE SODIQUE"	NA	"same"	62595	"dalteparine sodique"	"automatique"
"DANAPAROIDE SODIQUE"	NA	"same"	70130	"danaparoide sodique"	"automatique"
"DANAZOL"	NA	"same"	945	"danazol"	"automatique"
"DAPOXETINE"	NA	"same"	27287	"dapoxetine"	"automatique"
"DAPSONE"	NA	"same"	5525	"dapsone"	"automatique"
"DAPTOMYCINE"	NA	"same"	46167	"daptomycine"	"automatique"
"DARIFENACINE"	NA	"same"	59568	"darifenacine"	"automatique"
"DARUNAVIR"	NA	"same"	28847	"darunavir"	"automatique"
"DAUNORUBICINE"	NA	"same"	54643	"daunorubicine"	"automatique"
"DECITABINE"	NA	"same"	54962	"decitabine"	"automatique"
"DEFERASIROX"	NA	"same"	87487	"deferasirox"	"automatique"
"DEFIBROTIDE"	NA	"same"	68391	"defibrotide"	"automatique"
"DELAMANID"	NA	"same"	43009	"delamanid"	"automatique"
"DESFLURANE"	NA	"same"	72602	"desflurane"	"automatique"
"DESIRUDINE"	NA	"same"	67433	"desirudine"	"automatique"
"DESLANOSIDE"	NA	"same"	1602	"deslanoside"	"automatique"
"DESMOPRESSINE"	NA	"same"	45293	"desmopressine"	"automatique"
"DESOGESTREL"	NA	"same"	27380	"desogestrel"	"automatique"
"DEXAMETHASONE"	NA	"same"	1608	"dexamethasone"	"automatique"
"DEXKETOPROFENE TROMETAMOL"	NA	"same"	93236	"dexketoprofene trometamol"	"automatique"
"DEXMEDETOMIDINE"	NA	"same"	76710	"dexmedetomidine"	"automatique"
"DEXRAZOXANE"	NA	"same"	31269	"dexrazoxane"	"automatique"
"DEXTRAN"	NA	"same"	6625	"dextran"	"automatique"
"DEXTROMETHORPHANE"	NA	"same"	73427	"dextromethorphane"	"automatique"
"DEXTROMORAMIDE"	NA	"same"	10795	"dextromoramide"	"automatique"
"DIAZEPAM"	NA	"same"	1637	"diazepam"	"automatique"
"DICLOFENAC"	NA	"same"	36592	"diclofenac"	"automatique"
"DICLOXACILLINE"	NA	"same"	28223	"dicloxacilline"	"automatique"
"DIDANOSINE"	NA	"same"	10627	"didanosine"	"automatique"
"DIENOGEST"	NA	"same"	49665	"dienogest"	"automatique"
"DIETHYLSTILBESTROL"	NA	"same"	1663	"diethylstilbestrol"	"automatique"
"DIGITOXINE"	NA	"same"	1671	"digitoxine"	"automatique"
"DIGOXINE"	NA	"same"	1672	"digoxine"	"automatique"
"DIHYDRALAZINE"	NA	"same"	88236	"dihydralazine"	"automatique"
"DIHYDROCODEINE"	NA	"same"	99154	"dihydrocodeine"	"automatique"
"DIMENHYDRINATE"	NA	"same"	1691	"dimenhydrinate"	"automatique"
"DINITRATE D'ISOSORBIDE"	NA	"same"	4979	"dinitrate d isosorbide"	"automatique"
"DIOSMECTITE"	NA	"same"	9414	"diosmectite"	"automatique"
"DIPROPHYLLINE"	NA	"same"	1738	"diprophylline"	"automatique"
"DIPYRIDAMOLE"	NA	"same"	1743	"dipyridamole"	"automatique"
"DIRITHROMYCINE"	NA	"same"	56923	"dirithromycine"	"automatique"
"DISOPYRAMIDE"	NA	"same"	1745	"disopyramide"	"automatique"
"DISULFIRAME"	NA	"same"	1747	"disulfirame"	"automatique"
"DOCETAXEL"	NA	"same"	38643	"docetaxel"	"automatique"
"DOLUTEGRAVIR"	NA	"same"	68669	"dolutegravir"	"automatique"
"DOMPERIDONE"	NA	"same"	984	"domperidone"	"automatique"
"DONEPEZIL"	NA	"same"	70320	"donepezil"	"automatique"
"DOXAZOSINE"	NA	"same"	55340	"doxazosine"	"automatique"
"DOXEPINE"	NA	"same"	19558	"doxepine"	"automatique"
"DOXYCYCLINE"	NA	"same"	28372	"doxycycline"	"automatique"
"DRONEDARONE"	NA	"same"	46472	"dronedarone"	"automatique"
"DROPERIDOL"	NA	"same"	1758	"droperidol"	"automatique"
"DROSPIRENONE"	NA	"same"	18867	"drospirenone"	"automatique"
"DULOXETINE"	NA	"same"	72101	"duloxetine"	"automatique"
"DYDROGESTERONE"	NA	"same"	1765	"dydrogesterone"	"automatique"
"EBASTINE"	NA	"same"	12870	"ebastine"	"automatique"
"ECONAZOLE"	NA	"same"	11144	"econazole"	"automatique"
"EFAVIRENZ"	NA	"same"	17256	"efavirenz"	"automatique"
"ELETRIPTAN"	NA	"same"	65817	"eletriptan"	"automatique"
"ELTROMBOPAG"	NA	"same"	83586	"eltrombopag"	"automatique"
"ELVITEGRAVIR"	NA	"same"	94549	"elvitegravir"	"automatique"
"ENALAPRIL"	NA	"same"	67432	"enalapril"	"automatique"
"ENFLURANE"	NA	"same"	5727	"enflurane"	"automatique"
"ENTACAPONE"	NA	"same"	87471	"entacapone"	"automatique"
"ENZALUTAMIDE"	NA	"same"	85141	"enzalutamide"	"automatique"
"EPHEDRINE"	NA	"same"	493	"ephedrine"	"automatique"
"EPLERENONE"	NA	"same"	62172	"eplerenone"	"automatique"
"EPOPROSTENOL"	NA	"same"	39476	"epoprostenol"	"automatique"
"EPROSARTAN"	NA	"same"	21825	"eprosartan"	"automatique"
"EPTIFIBATIDE"	NA	"same"	27179	"eptifibatide"	"automatique"
"ERGOCALCIFEROL"	NA	"same"	1339	"ergocalciferol"	"automatique"
"ERIBULINE"	NA	"same"	21374	"eribuline"	"automatique"
"ERLOTINIB"	NA	"same"	56421	"erlotinib"	"automatique"
"ERTAPENEM"	NA	"same"	32693	"ertapenem"	"automatique"
"ERYTHROMYCINE"	NA	"same"	1785	"erythromycine"	"automatique"
"ESCITALOPRAM"	NA	"same"	89971	"escitalopram"	"automatique"
"ESOMEPRAZOLE"	NA	"same"	17407	"esomeprazole"	"automatique"
"ESTAZOLAM"	NA	"same"	742	"estazolam"	"automatique"
"ESTRADIOL"	NA	"same"	1786	"estradiol"	"automatique"
"ESTRIOL"	NA	"same"	1778	"estriol"	"automatique"
"ESTRONE"	NA	"same"	1789	"estrone"	"automatique"
"ETANERCEPT"	NA	"same"	24075	"etanercept"	"automatique"
"ETHINYLESTRADIOL"	NA	"same"	1807	"ethinylestradiol"	"automatique"
"ETHOSUXIMIDE"	NA	"same"	1813	"ethosuximide"	"automatique"
"ETHYLMORPHINE"	NA	"same"	1522	"ethylmorphine"	"automatique"
"ETODOLAC"	NA	"same"	8610	"etodolac"	"automatique"
"ETONOGESTREL"	NA	"same"	36376	"etonogestrel"	"automatique"
"ETOPOSIDE"	NA	"same"	713	"etoposide"	"automatique"
"ETRETINATE"	NA	"same"	25343	"etretinate"	"automatique"
"EUCALYPTUS"	NA	"same"	74480	"eucalyptus"	"automatique"
"EUGENOL"	NA	"same"	3806	"eugenol"	"automatique"
"EVEROLIMUS"	NA	"same"	94553	"everolimus"	"automatique"
"EXEMESTANE"	NA	"same"	39306	"exemestane"	"automatique"
"EZETIMIBE"	NA	"same"	73242	"ezetimibe"	"automatique"
"FAMOTIDINE"	NA	"same"	4034	"famotidine"	"automatique"
"FEBUXOSTAT"	NA	"same"	89276	"febuxostat"	"automatique"
"FELBAMATE"	NA	"same"	55410	"felbamate"	"automatique"
"FELODIPINE"	NA	"same"	56173	"felodipine"	"automatique"
"FENOFIBRATE"	NA	"same"	3902	"fenofibrate"	"automatique"
"FENOPROFENE"	NA	"same"	291	"fenoprofene"	"automatique"
"FENTANYL"	NA	"same"	17477	"fentanyl"	"automatique"
"FER"	NA	"same"	34855	"fer"	"automatique"
"FESOTERODINE"	NA	"same"	93951	"fesoterodine"	"automatique"
"FIDAXOMICINE"	NA	"same"	26382	"fidaxomicine"	"automatique"
"FINGOLIMOD"	NA	"same"	85211	"fingolimod"	"automatique"
"FLEROXACINE"	NA	"same"	46668	"fleroxacine"	"automatique"
"FLUANISONE"	NA	"same"	1913	"fluanisone"	"automatique"
"FLUCONAZOLE"	NA	"same"	11279	"fluconazole"	"automatique"
"FLUCYTOSINE"	NA	"same"	3315	"flucytosine"	"automatique"
"FLUDROCORTISONE"	NA	"same"	70502	"fludrocortisone"	"automatique"
"FLUINDIONE"	NA	"same"	3459	"fluindione"	"automatique"
"FLUNITRAZEPAM"	NA	"same"	802	"flunitrazepam"	"automatique"
"FLUOROURACILE"	NA	"same"	1931	"fluorouracile"	"automatique"
"FLURBIPROFENE"	NA	"same"	594	"flurbiprofene"	"automatique"
"FLUTAMIDE"	NA	"same"	6092	"flutamide"	"automatique"
"FLUVASTATINE"	NA	"same"	80889	"fluvastatine"	"automatique"
"FOSAMPRENAVIR"	NA	"same"	94100	"fosamprenavir"	"automatique"
"FOSINOPRIL"	NA	"same"	64036	"fosinopril"	"automatique"
"FOTEMUSTINE"	NA	"same"	6292	"fotemustine"	"automatique"
"FROVATRIPTAN"	NA	"same"	35029	"frovatriptan"	"automatique"
"FUROSEMIDE"	NA	"same"	1958	"furosemide"	"automatique"
"GALANTAMINE"	NA	"same"	32833	"galantamine"	"automatique"
"GANCICLOVIR"	NA	"same"	59696	"ganciclovir"	"automatique"
"GEFITINIB"	NA	"same"	78568	"gefitinib"	"automatique"
"GEL D'HYDROXYDE D'ALUMINIUM ET DE CARBONATE DE MAGNESIUM CODESSECHES"	NA	"same"	204	"gel d hydroxyde d aluminium et de carbonate de magnesium codesseches"	"automatique"
"GEMCITABINE"	NA	"same"	38050	"gemcitabine"	"automatique"
"GEMFIBROZIL"	NA	"same"	26942	"gemfibrozil"	"automatique"
"GENTAMICINE"	NA	"same"	47604	"gentamicine"	"automatique"
"GLIBENCLAMIDE"	NA	"same"	1976	"glibenclamide"	"automatique"
"GLIBORNURIDE"	NA	"same"	526	"glibornuride"	"automatique"
"GLICLAZIDE"	NA	"same"	527	"gliclazide"	"automatique"
"GLIMEPIRIDE"	NA	"same"	71861	"glimepiride"	"automatique"
"GLIPIZIDE"	NA	"same"	3332	"glipizide"	"automatique"
"GLYCEROL"	NA	"same"	532	"glycerol"	"automatique"
"GOLIMUMAB"	NA	"same"	16648	"golimumab"	"automatique"
"GRISEOFULVINE"	NA	"same"	2006	"griseofulvine"	"automatique"
"HALOPERIDOL"	NA	"same"	2019	"haloperidol"	"automatique"
"HALOTHANE"	NA	"same"	4261	"halothane"	"automatique"
"HEPARINE CALCIQUE"	NA	"same"	4971	"heparine calcique"	"automatique"
"HEPARINE SODIQUE"	NA	"same"	2024	"heparine sodique"	"automatique"
"HEPARINE SODIQUE/IODURE DE SODIUM"	NA	"same"	5556	"heparine sodique iodure de sodium"	"automatique"
"HEXYLRESORCINOL"	NA	"same"	4956	"hexylresorcinol"	"automatique"
"HOMATROPINE"	NA	"same"	62296	"homatropine"	"automatique"
"HYDROCHLOROTHIAZIDE"	NA	"same"	2064	"hydrochlorothiazide"	"automatique"
"HYDROCORTISONE"	NA	"same"	2067	"hydrocortisone"	"automatique"
"HYDROMORPHONE"	NA	"same"	6776	"hydromorphone"	"automatique"
"HYDROTALCITE"	NA	"same"	75804	"hydrotalcite"	"automatique"
"HYDROXYCARBAMIDE"	NA	"same"	2076	"hydroxycarbamide"	"automatique"
"HYDROXYPROGESTERONE"	NA	"same"	2082	"hydroxyprogesterone"	"automatique"
"IBUPROFENE"	NA	"same"	2092	"ibuprofene"	"automatique"
"IBUTILIDE"	NA	"same"	90524	"ibutilide"	"automatique"
"IFOSFAMIDE"	NA	"same"	29	"ifosfamide"	"automatique"
"ILOPROST"	NA	"same"	21510	"iloprost"	"automatique"
"ILOPROST TROMETAMOL"	NA	"same"	83696	"iloprost trometamol"	"automatique"
"IMATINIB"	NA	"same"	60707	"imatinib"	"automatique"
"IMMUNOGLOBULINE DE LAPIN ANTI-LYMPHOCYTE T HUMAIN"	NA	"same"	47920	"immunoglobuline de lapin anti lymphocyte t humain"	"automatique"
"INDOMETACINE"	NA	"same"	2099	"indometacine"	"automatique"
"INFLIXIMAB"	NA	"same"	32044	"infliximab"	"automatique"
"INSULINE ASPARTE ISOPHANE BIPHASIQUE"	NA	"same"	22787	"insuline asparte isophane biphasique"	"automatique"
"INSULINE ASPARTE"	NA	"same"	33218	"insuline asparte"	"automatique"
"INSULINE GLARGINE"	NA	"same"	44461	"insuline glargine"	"automatique"
"INSULINE HUMAINE HEMISYNTHETIQUE D'ORIGINE PORCINE"	NA	"same"	6756	"insuline humaine hemisynthetique d origine porcine"	"automatique"
"INSULINE HUMAINE HEMISYNTHETIQUE ISOPHANE BIPHASIQUE"	NA	"same"	98385	"insuline humaine hemisynthetique isophane biphasique"	"automatique"
"INSULINE HUMAINE RECOMBINANTE ISOPHANE BIPHASIQUE"	NA	"same"	92781	"insuline humaine recombinante isophane biphasique"	"automatique"
"INSULINE HUMAINE RECOMBINANTE ISOPHANE"	NA	"same"	51576	"insuline humaine recombinante isophane"	"automatique"
"INSULINE HUMAINE RECOMBINANTE ZINC CRISTALLINE"	NA	"same"	28777	"insuline humaine recombinante zinc cristalline"	"automatique"
"INSULINE HUMAINE RECOMBINANTE ZINC"	NA	"same"	35248	"insuline humaine recombinante zinc"	"automatique"
"INSULINE LISPRO"	NA	"same"	72525	"insuline lispro"	"automatique"
"INSULINE PORCINE"	NA	"same"	4985	"insuline porcine"	"automatique"
"IOBITRIDOL"	NA	"same"	35195	"iobitridol"	"automatique"
"IODIXANOL"	NA	"same"	92723	"iodixanol"	"automatique"
"IOHEXOL"	NA	"same"	2596	"iohexol"	"automatique"
"IOMEPROL"	NA	"same"	47580	"iomeprol"	"automatique"
"IOPAMIDOL"	NA	"same"	25037	"iopamidol"	"automatique"
"IOPENTOL"	NA	"same"	17218	"iopentol"	"automatique"
"IOPROMIDE"	NA	"same"	2293	"iopromide"	"automatique"
"IOVERSOL"	NA	"same"	77898	"ioversol"	"automatique"
"IRBESARTAN"	NA	"same"	31416	"irbesartan"	"automatique"
"IRINOTECAN"	NA	"same"	73952	"irinotecan"	"automatique"
"ISEPAMICINE"	NA	"same"	18034	"isepamicine"	"automatique"
"ISOFLURANE"	NA	"same"	11789	"isoflurane"	"automatique"
"ISONIAZIDE"	NA	"same"	2693	"isoniazide"	"automatique"
"ISOTRETINOINE"	NA	"same"	6088	"isotretinoine"	"automatique"
"ISRADIPINE"	NA	"same"	46883	"isradipine"	"automatique"
"ITRACONAZOLE"	NA	"same"	99008	"itraconazole"	"automatique"
"IVABRADINE"	NA	"same"	23247	"ivabradine"	"automatique"
"IVACAFTOR"	NA	"same"	91389	"ivacaftor"	"automatique"
"JOSAMYCINE"	NA	"same"	941	"josamycine"	"automatique"
"KANAMYCINE"	NA	"same"	19966	"kanamycine"	"automatique"
"KAOLIN LOURD"	NA	"same"	3133	"kaolin lourd"	"automatique"
"KETOCONAZOLE"	NA	"same"	22692	"ketoconazole"	"automatique"
"KETOPROFENE"	NA	"same"	823	"ketoprofene"	"automatique"
"KETOTIFENE"	NA	"same"	15401	"ketotifene"	"automatique"
"LACIDIPINE"	NA	"same"	86786	"lacidipine"	"automatique"
"LAMIVUDINE"	NA	"same"	17878	"lamivudine"	"automatique"
"LAMOTRIGINE"	NA	"same"	37011	"lamotrigine"	"automatique"
"LANSOPRAZOLE"	NA	"same"	23957	"lansoprazole"	"automatique"
"LAPATINIB"	NA	"same"	54913	"lapatinib"	"automatique"
"LENALIDOMIDE"	NA	"same"	64391	"lenalidomide"	"automatique"
"LEPIRUDINE"	NA	"same"	63775	"lepirudine"	"automatique"
"LERCANIDIPINE"	NA	"same"	83912	"lercanidipine"	"automatique"
"LEVODOPA"	NA	"same"	3885	"levodopa"	"automatique"
"LEVOFLOXACINE"	NA	"same"	81234	"levofloxacine"	"automatique"
"LEVOMENTHOL"	NA	"same"	568	"levomenthol"	"automatique"
"LEVOMEPROMAZINE"	NA	"same"	2726	"levomepromazine"	"automatique"
"LEVONORGESTREL"	NA	"same"	196	"levonorgestrel"	"automatique"
"LIDOCAINE"	NA	"same"	5431	"lidocaine"	"automatique"
"LINAGLIPTINE"	NA	"same"	94968	"linagliptine"	"automatique"
"LINCOMYCINE"	NA	"same"	89043	"lincomycine"	"automatique"
"LINEZOLIDE"	NA	"same"	74148	"linezolide"	"automatique"
"LIOTHYRONINE SODIQUE"	NA	"same"	5596	"liothyronine sodique"	"automatique"
"LISINOPRIL"	NA	"same"	15304	"lisinopril"	"automatique"
"LITHIUM"	NA	"same"	31554	"lithium"	"automatique"
"LOMITAPIDE"	NA	"same"	81723	"lomitapide"	"automatique"
"LOMUSTINE"	NA	"same"	5726	"lomustine"	"automatique"
"LOPINAVIR"	NA	"same"	53145	"lopinavir"	"automatique"
"LOPRAZOLAM"	NA	"same"	56568	"loprazolam"	"automatique"
"LORAZEPAM"	NA	"same"	561	"lorazepam"	"automatique"
"LORMETAZEPAM"	NA	"same"	79562	"lormetazepam"	"automatique"
"LOSARTAN"	NA	"same"	64438	"losartan"	"automatique"
"LOXAPINE"	NA	"same"	44214	"loxapine"	"automatique"
"LUMEFANTRINE"	NA	"same"	24296	"lumefantrine"	"automatique"
"LYMECYCLINE"	NA	"same"	2742	"lymecycline"	"automatique"
"LYNESTRENOL"	NA	"same"	2743	"lynestrenol"	"automatique"
"MACITENTAN"	NA	"same"	94926	"macitentan"	"automatique"
"MAGALDRATE"	NA	"same"	45338	"magaldrate"	"automatique"
"MARAVIROC"	NA	"same"	91424	"maraviroc"	"automatique"
"MEDAZEPAM"	NA	"same"	567	"medazepam"	"automatique"
"MEDROGESTONE"	NA	"same"	2576	"medrogestone"	"automatique"
"MEFLOQUINE"	NA	"same"	69862	"mefloquine"	"automatique"
"MELOXICAM"	NA	"same"	37441	"meloxicam"	"automatique"
"MELPHALAN"	NA	"same"	2590	"melphalan"	"automatique"
"MENTHOL RACEMIQUE"	NA	"same"	60308	"menthol racemique"	"automatique"
"MEPROBAMATE"	NA	"same"	2606	"meprobamate"	"automatique"
"MEQUITAZINE"	NA	"same"	5007	"mequitazine"	"automatique"
"MERCAPTOPURINE"	NA	"same"	2618	"mercaptopurine"	"automatique"
"MEROPENEM"	NA	"same"	60167	"meropenem"	"automatique"
"METFORMINE"	NA	"same"	4442	"metformine"	"automatique"
"METHENAMINE"	NA	"same"	2660	"methenamine"	"automatique"
"METHOTREXATE"	NA	"same"	2345	"methotrexate"	"automatique"
"METHYCLOTHIAZIDE"	NA	"same"	2350	"methyclothiazide"	"automatique"
"METHYLDOPA"	NA	"same"	2355	"methyldopa"	"automatique"
"METHYLPHENIDATE"	NA	"same"	12225	"methylphenidate"	"automatique"
"METHYLPREDNISOLONE"	NA	"same"	2361	"methylprednisolone"	"automatique"
"METIPRANOLOL"	NA	"same"	1486	"metipranolol"	"automatique"
"METOCLOPRAMIDE"	NA	"same"	10655	"metoclopramide"	"automatique"
"METOPIMAZINE"	NA	"same"	2376	"metopimazine"	"automatique"
"METRONIDAZOLE"	NA	"same"	2382	"metronidazole"	"automatique"
"METYRAPONE"	NA	"same"	31591	"metyrapone"	"automatique"
"MICONAZOLE"	NA	"same"	600	"miconazole"	"automatique"
"MIDAZOLAM"	NA	"same"	2667	"midazolam"	"automatique"
"MILNACIPRAN"	NA	"same"	46403	"milnacipran"	"automatique"
"MILTEFOSINE"	NA	"same"	40661	"miltefosine"	"automatique"
"MIRTAZAPINE"	NA	"same"	45485	"mirtazapine"	"automatique"
"MITOMYCINE C"	NA	"same"	582	"mitomycine c"	"automatique"
"MITOTANE"	NA	"same"	84359	"mitotane"	"automatique"
"MITOXANTRONE"	NA	"same"	50405	"mitoxantrone"	"automatique"
"MIVACURIUM"	NA	"same"	25017	"mivacurium"	"automatique"
"MIZOLASTINE"	NA	"same"	66292	"mizolastine"	"automatique"
"MOCLOBEMIDE"	NA	"same"	21102	"moclobemide"	"automatique"
"MODAFINIL"	NA	"same"	18254	"modafinil"	"automatique"
"MOLSIDOMINE"	NA	"same"	1328	"molsidomine"	"automatique"
"MONTELUKAST"	NA	"same"	80102	"montelukast"	"automatique"
"MORNIFLUMATE"	NA	"same"	9798	"morniflumate"	"automatique"
"MORPHINE"	NA	"same"	15686	"morphine"	"automatique"
"MOXIFLOXACINE"	NA	"same"	38193	"moxifloxacine"	"automatique"
"MOXONIDINE"	NA	"same"	76840	"moxonidine"	"automatique"
"MYCOPHENOLATE MOFETIL"	NA	"same"	19698	"mycophenolate mofetil"	"automatique"
"MYCOPHENOLATE SODIQUE"	NA	"same"	62257	"mycophenolate sodique"	"automatique"
"NABUMETONE"	NA	"same"	54655	"nabumetone"	"automatique"
"NADOLOL"	NA	"same"	28609	"nadolol"	"automatique"
"NADROPARINE CALCIQUE"	NA	"same"	24513	"nadroparine calcique"	"automatique"
"NALMEFENE"	NA	"same"	29165	"nalmefene"	"automatique"
"NALORPHINE"	NA	"same"	43003	"nalorphine"	"automatique"
"NALOXONE"	NA	"same"	65807	"naloxone"	"automatique"
"NAPROXENE"	NA	"same"	3271	"naproxene"	"automatique"
"NARATRIPTAN"	NA	"same"	39704	"naratriptan"	"automatique"
"NATEGLINIDE"	NA	"same"	43863	"nateglinide"	"automatique"
"NELARABINE"	NA	"same"	16279	"nelarabine"	"automatique"
"NIAPRAZINE"	NA	"same"	3422	"niaprazine"	"automatique"
"NICORANDIL"	NA	"same"	76057	"nicorandil"	"automatique"
"NICOTINE"	NA	"same"	94037	"nicotine"	"automatique"
"NIFEDIPINE"	NA	"same"	842	"nifedipine"	"automatique"
"NILOTINIB"	NA	"same"	71030	"nilotinib"	"automatique"
"NIMESULIDE"	NA	"same"	48903	"nimesulide"	"automatique"
"NIMODIPINE"	NA	"same"	79486	"nimodipine"	"automatique"
"NITRAZEPAM"	NA	"same"	2471	"nitrazepam"	"automatique"
"NITRENDIPINE"	NA	"same"	60311	"nitrendipine"	"automatique"
"NIZATIDINE"	NA	"same"	79487	"nizatidine"	"automatique"
"NORADRENALINE"	NA	"same"	9745	"noradrenaline"	"automatique"
"NORDAZEPAM"	NA	"same"	11760	"nordazepam"	"automatique"
"NORELGESTROMINE"	NA	"same"	17048	"norelgestromine"	"automatique"
"NORETHANDROLONE"	NA	"same"	2493	"norethandrolone"	"automatique"
"NORETHISTERONE"	NA	"same"	2494	"norethisterone"	"automatique"
"NORFLOXACINE"	NA	"same"	15372	"norfloxacine"	"automatique"
"NORGESTIMATE"	NA	"same"	4400	"norgestimate"	"automatique"
"NORGESTRIENONE"	NA	"same"	2498	"norgestrienone"	"automatique"
"NOSCAPINE"	NA	"same"	2506	"noscapine"	"automatique"
"OCTREOTIDE"	NA	"same"	44322	"octreotide"	"automatique"
"OFLOXACINE"	NA	"same"	2754	"ofloxacine"	"automatique"
"OLANZAPINE"	NA	"same"	17723	"olanzapine"	"automatique"
"OMEPRAZOLE"	NA	"same"	4773	"omeprazole"	"automatique"
"ONDANSETRON"	NA	"same"	42537	"ondansetron"	"automatique"
"ORLISTAT"	NA	"same"	17760	"orlistat"	"automatique"
"ORNIDAZOLE"	NA	"same"	974	"ornidazole"	"automatique"
"OR"	NA	"same"	52590	"or"	"automatique"
"OXALIPLATINE"	NA	"same"	42430	"oxaliplatine"	"automatique"
"OXATOMIDE"	NA	"same"	30920	"oxatomide"	"automatique"
"OXAZEPAM"	NA	"same"	2533	"oxazepam"	"automatique"
"OXCARBAZEPINE"	NA	"same"	62004	"oxcarbazepine"	"automatique"
"OXITRIPTAN"	NA	"same"	3354	"oxitriptan"	"automatique"
"OXOMEMAZINE"	NA	"same"	2543	"oxomemazine"	"automatique"
"OXYCODONE"	NA	"same"	46704	"oxycodone"	"automatique"
"OXYTETRACYCLINE"	NA	"same"	2196	"oxytetracycline"	"automatique"
"PACLITAXEL"	NA	"same"	20030	"paclitaxel"	"automatique"
"PALIPERIDONE"	NA	"same"	19944	"paliperidone"	"automatique"
"PANTOPRAZOLE"	NA	"same"	38524	"pantoprazole"	"automatique"
"PARACETAMOL"	NA	"same"	2202	"paracetamol"	"automatique"
"PARECOXIB"	NA	"same"	62228	"parecoxib"	"automatique"
"PASIREOTIDE"	NA	"same"	43910	"pasireotide"	"automatique"
"PAZOPANIB"	NA	"same"	82348	"pazopanib"	"automatique"
"PEFLOXACINE"	NA	"same"	14129	"pefloxacine"	"automatique"
"PEMETREXED"	NA	"same"	23684	"pemetrexed"	"automatique"
"PENFLURIDOL"	NA	"same"	3492	"penfluridol"	"automatique"
"PENTAZOCINE"	NA	"same"	2788	"pentazocine"	"automatique"
"PENTOSTATINE"	NA	"same"	68172	"pentostatine"	"automatique"
"PENTOXIFYLLINE"	NA	"same"	3511	"pentoxifylline"	"automatique"
"PERAMPANEL"	NA	"same"	74405	"perampanel"	"automatique"
"PERINDOPRIL TERT-BUTYLAMINE"	NA	"same"	9586	"perindopril tert butylamine"	"automatique"
"PHENINDIONE"	NA	"same"	2822	"phenindione"	"automatique"
"PHENOBARBITAL"	NA	"same"	2825	"phenobarbital"	"automatique"
"PHENOPERIDINE"	NA	"same"	7584	"phenoperidine"	"automatique"
"PHENYLBUTAZONE"	NA	"same"	2843	"phenylbutazone"	"automatique"
"PHENYLEPHRINE"	NA	"same"	2438	"phenylephrine"	"automatique"
"PHENYLTOLOXAMINE"	NA	"same"	15814	"phenyltoloxamine"	"automatique"
"PHENYTOINE"	NA	"same"	2107	"phenytoine"	"automatique"
"PHOLCODINE"	NA	"same"	2109	"pholcodine"	"automatique"
"PILOCARPINE"	NA	"same"	16025	"pilocarpine"	"automatique"
"PIMOZIDE"	NA	"same"	2126	"pimozide"	"automatique"
"PINDOLOL"	NA	"same"	78	"pindolol"	"automatique"
"PIPERAZINE"	NA	"same"	89272	"piperazine"	"automatique"
"PIPOBROMAN"	NA	"same"	81	"pipobroman"	"automatique"
"PIPOTIAZINE"	NA	"same"	82	"pipotiazine"	"automatique"
"PIRARUBICINE"	NA	"same"	79714	"pirarubicine"	"automatique"
"PIRETANIDE"	NA	"same"	85116	"piretanide"	"automatique"
"PIRIBEDIL"	NA	"same"	5751	"piribedil"	"automatique"
"PIROXICAM"	NA	"same"	25336	"piroxicam"	"automatique"
"PITAVASTATINE"	NA	"same"	96697	"pitavastatine"	"automatique"
"PIXANTRONE"	NA	"same"	73219	"pixantrone"	"automatique"
"PLICAMYCINE"	NA	"same"	785	"plicamycine"	"automatique"
"POLYMYXINE B"	NA	"same"	17908	"polymyxine b"	"automatique"
"PONATINIB"	NA	"same"	20433	"ponatinib"	"automatique"
"POSACONAZOLE"	NA	"same"	54201	"posaconazole"	"automatique"
"POTASSIUM"	NA	"same"	30272	"potassium"	"automatique"
"POVIDONE IODEE"	NA	"same"	3496	"povidone iodee"	"automatique"
"PRAMIPEXOLE"	NA	"same"	47554	"pramipexole"	"automatique"
"PRASUGREL"	NA	"same"	30470	"prasugrel"	"automatique"
"PRAZEPAM"	NA	"same"	2165	"prazepam"	"automatique"
"PRAZIQUANTEL"	NA	"same"	13274	"praziquantel"	"automatique"
"PREDNISOLONE"	NA	"same"	2169	"prednisolone"	"automatique"
"PREDNISONE"	NA	"same"	2171	"prednisone"	"automatique"
"PREGABALINE"	NA	"same"	39422	"pregabaline"	"automatique"
"PRILOCAINE"	NA	"same"	85184	"prilocaine"	"automatique"
"PRIMIDONE"	NA	"same"	5627	"primidone"	"automatique"
"PRISTINAMYCINE"	NA	"same"	2215	"pristinamycine"	"automatique"
"PROCARBAZINE"	NA	"same"	79190	"procarbazine"	"automatique"
"PROGESTERONE"	NA	"same"	2229	"progesterone"	"automatique"
"PROMEGESTONE"	NA	"same"	26150	"promegestone"	"automatique"
"PROMESTRIENE"	NA	"same"	588	"promestriene"	"automatique"
"PROMETHAZINE"	NA	"same"	2236	"promethazine"	"automatique"
"PROPERICIAZINE"	NA	"same"	2247	"propericiazine"	"automatique"
"PROPRANOLOL"	NA	"same"	21771	"propranolol"	"automatique"
"PRUCALOPRIDE"	NA	"same"	17561	"prucalopride"	"automatique"
"PSEUDOEPHEDRINE"	NA	"same"	90615	"pseudoephedrine"	"automatique"
"PYRIMETHAMINE"	NA	"same"	2285	"pyrimethamine"	"automatique"
"QUETIAPINE"	NA	"same"	59691	"quetiapine"	"automatique"
"QUINAGOLIDE"	NA	"same"	78915	"quinagolide"	"automatique"
"QUINIDINE"	NA	"same"	620	"quinidine"	"automatique"
"QUININE"	NA	"same"	616	"quinine"	"automatique"
"RABEPRAZOLE"	NA	"same"	67549	"rabeprazole"	"automatique"
"RALTEGRAVIR"	NA	"same"	50058	"raltegravir"	"automatique"
"RALTITREXED"	NA	"same"	77479	"raltitrexed"	"automatique"
"RAMIPRIL"	NA	"same"	11532	"ramipril"	"automatique"
"RANITIDINE"	NA	"same"	49632	"ranitidine"	"automatique"
"RANOLAZINE"	NA	"same"	52040	"ranolazine"	"automatique"
"RASAGILINE"	NA	"same"	64818	"rasagiline"	"automatique"
"REGORAFENIB"	NA	"same"	86579	"regorafenib"	"automatique"
"REMIFENTANIL"	NA	"same"	85750	"remifentanil"	"automatique"
"REPAGLINIDE"	NA	"same"	55485	"repaglinide"	"automatique"
"RETEPLASE"	NA	"same"	84765	"reteplase"	"automatique"
"RIBAVIRINE"	NA	"same"	15711	"ribavirine"	"automatique"
"RIFABUTINE"	NA	"same"	88125	"rifabutine"	"automatique"
"RIFAMPICINE"	NA	"same"	2332	"rifampicine"	"automatique"
"RILMENIDINE"	NA	"same"	66240	"rilmenidine"	"automatique"
"RIOCIGUAT"	NA	"same"	82922	"riociguat"	"automatique"
"RISPERIDONE"	NA	"same"	37430	"risperidone"	"automatique"
"RITONAVIR"	NA	"same"	53415	"ritonavir"	"automatique"
"RIVAROXABAN"	NA	"same"	43633	"rivaroxaban"	"automatique"
"RIVASTIGMINE"	NA	"same"	37973	"rivastigmine"	"automatique"
"RIZATRIPTAN"	NA	"same"	32627	"rizatriptan"	"automatique"
"ROFECOXIB"	NA	"same"	47638	"rofecoxib"	"automatique"
"ROPINIROLE"	NA	"same"	62155	"ropinirole"	"automatique"
"ROSUVASTATINE"	NA	"same"	33207	"rosuvastatine"	"automatique"
"ROTIGOTINE"	NA	"same"	55910	"rotigotine"	"automatique"
"ROXITHROMYCINE"	NA	"same"	5621	"roxithromycine"	"automatique"
"RUFINAMIDE"	NA	"same"	45638	"rufinamide"	"automatique"
"RUPATADINE"	NA	"same"	23010	"rupatadine"	"automatique"
"RUXOLITINIB"	NA	"same"	42140	"ruxolitinib"	"automatique"
"SALBUTAMOL"	NA	"same"	626	"salbutamol"	"automatique"
"SAQUINAVIR"	NA	"same"	28784	"saquinavir"	"automatique"
"SAXAGLIPTINE"	NA	"same"	27375	"saxagliptine"	"automatique"
"SCOPOLAMINE"	NA	"same"	29848	"scopolamine"	"automatique"
"SERTRALINE"	NA	"same"	42406	"sertraline"	"automatique"
"SEVOFLURANE"	NA	"same"	77978	"sevoflurane"	"automatique"
"SILDENAFIL"	NA	"same"	67717	"sildenafil"	"automatique"
"SILODOSINE"	NA	"same"	50540	"silodosine"	"automatique"
"SIMEPREVIR"	NA	"same"	94406	"simeprevir"	"automatique"
"SIMVASTATINE"	NA	"same"	10171	"simvastatine"	"automatique"
"SIROLIMUS"	NA	"same"	59394	"sirolimus"	"automatique"
"SITAGLIPTINE"	NA	"same"	20740	"sitagliptine"	"automatique"
"SOLIFENACINE"	NA	"same"	72550	"solifenacine"	"automatique"
"SORAFENIB"	NA	"same"	89477	"sorafenib"	"automatique"
"SPECTINOMYCINE"	NA	"same"	98616	"spectinomycine"	"automatique"
"SPIRAMYCINE"	NA	"same"	975	"spiramycine"	"automatique"
"SPIRONOLACTONE"	NA	"same"	977	"spironolactone"	"automatique"
"STAVUDINE"	NA	"same"	93467	"stavudine"	"automatique"
"STIRIPENTOL"	NA	"same"	52513	"stiripentol"	"automatique"
"STREPTOKINASE"	NA	"same"	2848	"streptokinase"	"automatique"
"STREPTOZOCINE"	NA	"same"	10235	"streptozocine"	"automatique"
"SUCRALFATE"	NA	"same"	3563	"sucralfate"	"automatique"
"SUFENTANIL"	NA	"same"	34909	"sufentanil"	"automatique"
"SULFAFURAZOL"	NA	"same"	2873	"sulfafurazol"	"automatique"
"SULFAMETHIZOL"	NA	"same"	2877	"sulfamethizol"	"automatique"
"SULFAMETHOXAZOLE"	NA	"same"	2878	"sulfamethoxazole"	"automatique"
"SULINDAC"	NA	"same"	216	"sulindac"	"automatique"
"SULPIRIDE"	NA	"same"	2914	"sulpiride"	"automatique"
"SUNITINIB"	NA	"same"	29335	"sunitinib"	"automatique"
"TACROLIMUS"	NA	"same"	77086	"tacrolimus"	"automatique"
"TADALAFIL"	NA	"same"	98159	"tadalafil"	"automatique"
"TAMOXIFENE"	NA	"same"	35166	"tamoxifene"	"automatique"
"TAMSULOSINE"	NA	"same"	64851	"tamsulosine"	"automatique"
"TAPENTADOL"	NA	"same"	22322	"tapentadol"	"automatique"
"TEGAFUR"	NA	"same"	88022	"tegafur"	"automatique"
"TEICOPLANINE"	NA	"same"	9967	"teicoplanine"	"automatique"
"TELAPREVIR"	NA	"same"	26938	"telaprevir"	"automatique"
"TELITHROMYCINE"	NA	"same"	55715	"telithromycine"	"automatique"
"TELMISARTAN"	NA	"same"	71153	"telmisartan"	"automatique"
"TEMAZEPAM"	NA	"same"	23187	"temazepam"	"automatique"
"TEMOZOLOMIDE"	NA	"same"	31246	"temozolomide"	"automatique"
"TEMSIROLIMUS"	NA	"same"	27660	"temsirolimus"	"automatique"
"TENECTEPLASE"	NA	"same"	38167	"tenecteplase"	"automatique"
"TENOFOVIR DISOPROXIL"	NA	"same"	29337	"tenofovir disoproxil"	"automatique"
"TENOXICAM"	NA	"same"	8751	"tenoxicam"	"automatique"
"TERIFLUNOMIDE"	NA	"same"	17098	"teriflunomide"	"automatique"
"TERPINEOL"	NA	"same"	46674	"terpineol"	"automatique"
"TERPINE"	NA	"same"	651	"terpine"	"automatique"
"TERPINOL"	NA	"same"	10791	"terpinol"	"automatique"
"TESTOSTERONE"	NA	"same"	2934	"testosterone"	"automatique"
"TETRABENAZINE"	NA	"same"	71395	"tetrabenazine"	"automatique"
"TETRACOSACTIDE"	NA	"same"	1836	"tetracosactide"	"automatique"
"TETRACYCLINE"	NA	"same"	1837	"tetracycline"	"automatique"
"TETRAZEPAM"	NA	"same"	1840	"tetrazepam"	"automatique"
"THALIDOMIDE"	NA	"same"	69479	"thalidomide"	"automatique"
"THEOPHYLLINE"	NA	"same"	15078	"theophylline"	"automatique"
"THIOTEPA"	NA	"same"	2751	"thiotepa"	"automatique"
"THYMOL"	NA	"same"	659	"thymol"	"automatique"
"TIBOLONE"	NA	"same"	81834	"tibolone"	"automatique"
"TICAGRELOR"	NA	"same"	37533	"ticagrelor"	"automatique"
"TIGECYCLINE"	NA	"same"	91931	"tigecycline"	"automatique"
"TIMOLOL"	NA	"same"	15009	"timolol"	"automatique"
"TIOCLOMAROL"	NA	"same"	173	"tioclomarol"	"automatique"
"TIPRANAVIR"	NA	"same"	44704	"tipranavir"	"automatique"
"TIROFIBAN"	NA	"same"	46261	"tirofiban"	"automatique"
"TOBRAMYCINE"	NA	"same"	23654	"tobramycine"	"automatique"
"TOLCAPONE"	NA	"same"	36776	"tolcapone"	"automatique"
"TOPIRAMATE"	NA	"same"	20890	"topiramate"	"automatique"
"TOPOTECANE"	NA	"same"	93066	"topotecane"	"automatique"
"TORASEMIDE"	NA	"same"	46318	"torasemide"	"automatique"
"TRAMADOL"	NA	"same"	35415	"tramadol"	"automatique"
"TRANDOLAPRIL"	NA	"same"	70833	"trandolapril"	"automatique"
"TRETINOINE"	NA	"same"	535	"tretinoine"	"automatique"
"TRIAMTERENE"	NA	"same"	313	"triamterene"	"automatique"
"TRIAZOLAM"	NA	"same"	878	"triazolam"	"automatique"
"TRIFLUOPERAZINE"	NA	"same"	66979	"trifluoperazine"	"automatique"
"TRIMETHOPRIME"	NA	"same"	342	"trimethoprime"	"automatique"
"TRINITRINE"	NA	"same"	4458	"trinitrine"	"automatique"
"TROPICAMIDE"	NA	"same"	358	"tropicamide"	"automatique"
"URAPIDIL"	NA	"same"	11673	"urapidil"	"automatique"
"VALACICLOVIR"	NA	"same"	36192	"valaciclovir"	"automatique"
"VALDECOXIB"	NA	"same"	37670	"valdecoxib"	"automatique"
"VALGANCICLOVIR"	NA	"same"	36874	"valganciclovir"	"automatique"
"VALPROMIDE"	NA	"same"	547	"valpromide"	"automatique"
"VALSARTAN"	NA	"same"	15734	"valsartan"	"automatique"
"VANCOMYCINE"	NA	"same"	28416	"vancomycine"	"automatique"
"VANDETANIB"	NA	"same"	87461	"vandetanib"	"automatique"
"VARDENAFIL"	NA	"same"	32308	"vardenafil"	"automatique"
"VENLAFAXINE"	NA	"same"	26322	"venlafaxine"	"automatique"
"VILDAGLIPTINE"	NA	"same"	40035	"vildagliptine"	"automatique"
"VINCAMINE"	NA	"same"	388	"vincamine"	"automatique"
"VINFLUNINE"	NA	"same"	62794	"vinflunine"	"automatique"
"VINORELBINE"	NA	"same"	40054	"vinorelbine"	"automatique"
"VORICONAZOLE"	NA	"same"	51458	"voriconazole"	"automatique"
"XIPAMIDE"	NA	"same"	22866	"xipamide"	"automatique"
"ZOFENOPRIL"	NA	"same"	96648	"zofenopril"	"automatique"
"ZOPICLONE"	NA	"same"	12999	"zopiclone"	"automatique"
"ZUCLOPENTHIXOL"	NA	"same"	91930	"zuclopenthixol"	"automatique"
"ACIDE SALICYLIQUE"	NA	"same"	690	"acide salicylique"	"automatique"
"DEXTROPROPOXYPHENE"	NA	"same"	1625	"dextropropoxyphene"	"automatique"
"MEMANTINE"	NA	"same"	72074	"memantine"	"automatique"
"NIALAMIDE"	NA	"same"	2439	"nialamide"	"automatique"
"OXYPHENBUTAZONE"	NA	"same"	2188	"oxyphenbutazone"	"automatique"
"PIRFENIDONE"	NA	"same"	21875	"pirfenidone"	"automatique"
"POVIDONE"	NA	"same"	19476	"povidone"	"automatique"
"SERTINDOLE"	NA	"same"	98972	"sertindole"	"automatique"
"SUMATRIPTAN"	NA	"same"	89266	"sumatriptan"	"automatique"
"TIRATRICOL"	NA	"same"	3037	"tiratricol"	"automatique"
"TOLOXATONE"	NA	"same"	9962	"toloxatone"	"automatique"
"AFATINIB"	NA	"same"	61992	"afatinib"	"automatique"
"ATALUREN"	NA	"same"	26023	"ataluren"	"automatique"
"BENZOCAINE"	NA	"same"	1810	"benzocaine"	"automatique"
"CICLOPIROX"	NA	"same"	95914	"ciclopirox"	"automatique"
"DASABUVIR"	NA	"same"	44781	"dasabuvir"	"automatique"
"DEXLANSOPRAZOLE"	NA	"same"	62600	"dexlansoprazole"	"automatique"
"ETORICOXIB"	NA	"same"	47493	"etoricoxib"	"automatique"
"IBRUTINIB"	NA	"same"	75140	"ibrutinib"	"automatique"
"IDELALISIB"	NA	"same"	70793	"idelalisib"	"automatique"
"LANTHANE"	NA	"same"	76541	"lanthane"	"automatique"
"LEDIPASVIR"	NA	"same"	21873	"ledipasvir"	"automatique"
"OMBITASVIR"	NA	"same"	85275	"ombitasvir"	"automatique"
"PARITAPREVIR"	NA	"same"	93622	"paritaprevir"	"automatique"
"RACECADOTRIL"	NA	"same"	93657	"racecadotril"	"automatique"
"SULFADIAZINE"	NA	"same"	2867	"sulfadiazine"	"automatique"
"SULFADOXINE"	NA	"same"	645	"sulfadoxine"	"automatique"
"SULFAGUANIDINE"	NA	"same"	2874	"sulfaguanidine"	"automatique"
"SULFAMOXOLE"	NA	"same"	2886	"sulfamoxole"	"automatique"
"ALISKIRENE"	NA	"same"	70278	"aliskirene"	"automatique"
"FLOCTAFENINE"	NA	"same"	99	"floctafenine"	"automatique"
"SAPROPTERINE"	NA	"same"	83397	"sapropterine"	"automatique"
"SECNIDAZOLE"	NA	"same"	12345	"secnidazole"	"automatique"
"TENONITROZOLE"	NA	"same"	2710	"tenonitrozole"	"automatique"
"TINIDAZOLE"	NA	"same"	3611	"tinidazole"	"automatique"
"TROLEANDOMYCINE"	NA	"same"	354	"troleandomycine"	"automatique"
"DORIPENEM"	NA	"same"	25648	"doripenem"	"automatique"
"KAOLIN"	NA	"same"	3133	"kaolin"	"automatique"
"MONMECTITE"	NA	"same"	60922	"monmectite"	"automatique"
"ALVERINE"	NA	"same"	5538	"alverine"	"automatique"
"PROBENECIDE"	NA	"same"	2218	"probenecide"	"automatique"
"ZIDOVUDINE"	NA	"same"	9122	"zidovudine"	"automatique"
"VITAMINE A"	NA	"same"	622	"vitamine a"	"automatique"
"PIVAMPICILLINE"	NA	"same"	306	"pivampicilline"	"automatique"
"TIABENDAZOLE"	NA	"same"	25272	"tiabendazole"	"automatique"
"TERBINAFINE"	NA	"same"	72481	"terbinafine"	"automatique"
"MESALAZINE"	NA	"same"	2640	"mesalazine"	"automatique"
"SULFASALAZINE"	NA	"same"	947	"sulfasalazine"	"automatique"
"ZOLMITRIPTAN"	NA	"same"	78975	"zolmitriptan"	"automatique"
"VEMURAFENIB"	NA	"same"	68718	"vemurafenib"	"automatique"
"ZINC"	NA	"same"	1473	"zinc"	"automatique"
"RILPIVIRINE"	NA	"same"	27775	"rilpivirine"	"automatique"
"SOFOSBUVIR"	NA	"same"	83492	"sofosbuvir"	"automatique"
"VISMODEGIB"	NA	"same"	51135	"vismodegib"	"automatique"
"SORBITOL"	NA	"same"	640	"sorbitol"	"automatique"
"SULFINPYRAZONE"	NA	"same"	2902	"sulfinpyrazone"	"automatique"
"ETRAVIRINE"	NA	"same"	93935	"etravirine"	"automatique"
"DEFERIPRONE"	NA	"same"	95296	"deferiprone"	"automatique"
"ZALCITABINE"	NA	"same"	23061	"zalcitabine"	"automatique"
"TRICLABENDAZOLE"	NA	"same"	2428	"triclabendazole"	"automatique"
"PENICILLAMINE"	NA	"same"	390	"penicillamine"	"automatique"
"ROSIGLITAZONE"	NA	"same"	58865	"rosiglitazone"	"automatique"
"TROMETAMOL"	NA	"same"	356	"trometamol"	"automatique"
"RESERPINE"	NA	"same"	2329	"reserpine"	"automatique"
"PYRAZINAMIDE"	NA	"same"	28889	"pyrazinamide"	"automatique"
"SALMETEROL"	NA	"same"	57781	"salmeterol"	"automatique"
"TRABECTEDINE"	NA	"same"	99842	"trabectedine"	"automatique"
"MANNITOL"	NA	"same"	3011	"mannitol"	"automatique"
"MEZLOCILLINE"	NA	"same"	40246	"mezlocilline"	"automatique"
"PHENOXYMETHYLPENICILLINE"	NA	"same"	2836	"phenoxymethylpenicilline"	"automatique"
"PIPERACILLINE"	NA	"same"	67102	"piperacilline"	"automatique"
"SULPROSTONE"	NA	"same"	6209	"sulprostone"	"automatique"
"RETIGABINE"	NA	"same"	64569	"retigabine"	"automatique"
"ZONISAMIDE"	NA	"same"	24996	"zonisamide"	"automatique"
"TELBIVUDINE"	NA	"same"	24568	"telbivudine"	"automatique"
"THIOMERSAL"	NA	"same"	5272	"thiomersal"	"automatique"
"PHOSPHORE"	NA	"same"	56593	"phosphore"	"automatique"
"DI(ACEFYLLINE) DIPHENHYDRAMINE"	NA	"same"	4906	"di acefylline  diphenhydramine"	"semiautomatique"
"CITRATE DE GALLIUM [67GA]"	NA	"same"	44025	"citrate de gallium  67ga "	"semiautomatique"
"ACIDE PAMIDRONIQUE"	NA	"same"	44842	"pamidronique  acide "	"semiautomatique"
"ACIDE TILUDRONIQUE"	NA	"same"	39065	"tiludronique  acide "	"semiautomatique"
"BOTULIQUE (TOXINE)"	NA	"part"	62942	"botulique  toxine  type b"	"semiautomatique"
"ACIDE ACETYLSALICYLIQUE"	NA	"same"	5	"acetylsalicylique  acide "	"semiautomatique"
"ACIDE ASCORBIQUE"	NA	"same"	1023	"ascorbique  acide "	"semiautomatique"
"ACIDE FOLINIQUE"	NA	"same"	67056	"acide l folinique"	"semiautomatique"
"ACIDE FOLIQUE"	NA	"same"	1040	"folique  acide "	"semiautomatique"
"ACIDE VALPROIQUE"	NA	"same"	25252	"valproique  acide "	"semiautomatique"
"INSULINE HUMAINE BIOSYNTHETIQUE ZINC"	NA	"same"	9476	"insuline humaine biosynthetique zinc  suspension d  "	"semiautomatique"
"INSULINE HUMAINE HEMISYNTHETIQUE ISOPHANE"	NA	"same"	2277	"insuline humaine hemisynthetique isophane  suspension d  "	"semiautomatique"
"SODIUM (CITRATE DIACIDE DE)"	NA	"same"	633	"sodium  citrate diacide de "	"semiautomatique"
"ACIDE FUSIDIQUE"	NA	"same"	2160	"fusidique  acide "	"semiautomatique"
"ABIRATERONE"	NA	"hasform"	37304	"acetate d abiraterone"	"semiautomatique"
"ALCURONIUM"	NA	"hasform"	1086	"alcuronium  chlorure d  "	"semiautomatique"
"AMBENONIUM"	NA	"hasform"	1110	"ambenonium  chlorure d  "	"semiautomatique"
"ARGATROBAN"	NA	"hasform"	61676	"argatroban monohydrate"	"semiautomatique"
"ARSENIEUX"	NA	"hasform"	6247	"arsenieux  anhydride "	"semiautomatique"
"AVIZAFONE"	NA	"hasform"	28231	"chlorhydrate d avizafone"	"semiautomatique"
"CLORAZEPATE"	NA	"hasform"	1507	"clorazepate dipotassique"	"semiautomatique"
"DANTROLENE"	NA	"hasform"	836	"dantrolene sodique"	"semiautomatique"
"DASATINIB"	NA	"hasform"	19755	"dasatinib monohydrate"	"semiautomatique"
"ENOXAPARINE"	NA	"hasform"	8351	"enoxaparine sodique"	"semiautomatique"
"ETIFOXINE"	NA	"hasform"	934	"etifoxine  chlorhydrate d  "	"semiautomatique"
"ETILEFRINE"	NA	"hasform"	1853	"etilefrine  chlorhydrate d  "	"semiautomatique"
"FONDAPARINUX"	NA	"hasform"	71082	"fondaparinux sodique"	"semiautomatique"
"HALOFANTRINE"	NA	"hasform"	10676	"chlorhydrate d halofantrine"	"semiautomatique"
"HISTAPYRRODINE"	NA	"hasform"	2052	"chlorhydrate d histapyrrodine"	"semiautomatique"
"HYDROQUINIDINE"	NA	"hasform"	5285	"hydroquinidine  chlorhydrate d  "	"semiautomatique"
"IDARUBICINE"	NA	"hasform"	97217	"chlorhydrate d idarubicine"	"semiautomatique"
"IMIPRAMINE"	NA	"hasform"	5767	"imipramine  chlorhydrate d  "	"semiautomatique"
"INDAPAMIDE"	NA	"hasform"	22336	"indapamide hemihydrate"	"semiautomatique"
"ISOTHIPENDYL"	NA	"hasform"	2699	"chlorhydrate d isothipendyl"	"semiautomatique"
"LEVOTHYROXINE"	NA	"hasform"	382	"levothyroxine sodique"	"semiautomatique"
"LOFLAZEPATE"	NA	"hasform"	1041	"loflazepate d ethyle"	"semiautomatique"
"MERBROMINE"	NA	"hasform"	2615	"merbromine sodique"	"semiautomatique"
"OLMESARTAN"	NA	"hasform"	29486	"olmesartan medoxomil"	"semiautomatique"
"OXETORONE"	NA	"hasform"	111	"fumarate d oxetorone"	"semiautomatique"
"OXITROPIUM"	NA	"hasform"	30398	"bromure d oxitropium"	"semiautomatique"
"OXPRENOLOL"	NA	"hasform"	3616	"oxprenolol  chlorhydrate d  "	"semiautomatique"
"OXYMETAZOLINE"	NA	"hasform"	5080	"chlorhydrate d oxymetazoline"	"semiautomatique"
"PRAVASTATINE"	NA	"hasform"	73208	"pravastatine sodique"	"semiautomatique"
"REVIPARINE"	NA	"hasform"	99948	"reviparine sodique"	"semiautomatique"
"TINZAPARINE"	NA	"hasform"	34647	"tinzaparine sodique"	"semiautomatique"
"CERTOLIZUMAB"	NA	"hasform"	77804	"certolizumab pegol"	"semiautomatique"
"SULFACETAMIDE"	NA	"hasform"	4584	"sulfacetamide sodique"	"semiautomatique"
"FLUOR"	NA	"same"	85033	"fluor element"	"semiautomatique"
"WARFARINE"	NA	"hasform"	678	"warfarine sodique"	"semiautomatique"
"ULIPRISTAL"	NA	"hasform"	52476	"acetate d ulipristal"	"semiautomatique"
"TIANEPTINE"	NA	"hasform"	8215	"tianeptine sodique"	"semiautomatique"
"INSULINE HUMAINE BIOSYNTHETIQUE"	NA	"hasform"	9476	"insuline humaine biosynthetique zinc  suspension d  "	"semiautomatique"
"ACEPROMAZINE"	NA	"hasform"	1000	"acepromazine  maleate d  "	"semiautomatique"
"ACEPROMETAZINE"	NA	"hasform"	1001	"aceprometazine  maleate d  "	"semiautomatique"
"ALFUZOSINE"	NA	"hasform"	60310	"chlorhydrate d alfuzosine"	"semiautomatique"
"AMANTADINE"	NA	"hasform"	42	"amantadine  chlorhydrate d  "	"semiautomatique"
"AMIFOSTINE"	NA	"hasform"	73916	"amifostine anhydre"	"semiautomatique"
"AMIODARONE"	NA	"hasform"	5386	"chlorhydrate d amiodarone"	"semiautomatique"
"APOMORPHINE"	NA	"hasform"	52	"chlorhydrate d apomorphine"	"semiautomatique"
"AZILSARTAN"	NA	"hasform"	96646	"azilsartan medoxomil"	"semiautomatique"
"BARNIDIPINE"	NA	"same"	32805	"barnidipine base"	"semiautomatique"
"CARPIPRAMINE"	NA	"same"	24316	"carpipramine base"	"semiautomatique"
"CIDOFOVIR"	NA	"hasform"	51900	"cidofovir anhydre"	"semiautomatique"
"DALFOPRISTINE"	NA	"same"	89443	"dalfopristine base"	"semiautomatique"
"DEMECLOCYCLINE"	NA	"same"	70512	"demeclocycline base"	"semiautomatique"
"DOLASETRON"	NA	"same"	56406	"dolasetron base"	"semiautomatique"
"ENOXACINE"	NA	"hasform"	8050	"enoxacine sesquihydrate"	"semiautomatique"
"EPIRUBICINE"	NA	"hasform"	40628	"chlorhydrate d epirubicine"	"semiautomatique"
"ERGOTAMINE"	NA	"hasform"	4281	"ergotamine  tartrate d  "	"semiautomatique"
"ESMOLOL"	NA	"hasform"	10471	"esmolol  chlorhydrate d  "	"semiautomatique"
"ESTRAMUSTINE"	NA	"hasform"	34630	"estramustine phosphate"	"semiautomatique"
"FLUNARIZINE"	NA	"same"	27488	"flunarizine base"	"semiautomatique"
"GUANFACINE"	NA	"same"	82838	"guanfacine base"	"semiautomatique"
"IMIDAPRIL"	NA	"hasform"	32238	"chlorhydrate d imidapril"	"semiautomatique"
"IMIPENEM"	NA	"hasform"	1983	"imipenem monohydrate"	"semiautomatique"
"INDINAVIR"	NA	"same"	15954	"indinavir base"	"semiautomatique"
"INDORAMINE"	NA	"hasform"	5862	"indoramine  chlorhydrate d  "	"semiautomatique"
"IPRONIAZIDE"	NA	"hasform"	2685	"iproniazide  phosphate d  "	"semiautomatique"
"ISOPRENALINE"	NA	"hasform"	3865	"isoprenaline  chlorhydrate d  "	"semiautomatique"
"LANREOTIDE"	NA	"same"	36755	"lanreotide base"	"semiautomatique"
"LOMEFLOXACINE"	NA	"same"	73705	"lomefloxacine base"	"semiautomatique"
"METHYLERGOMETRINE"	NA	"same"	18063	"methylergometrine base"	"semiautomatique"
"METHYSERGIDE"	NA	"same"	83210	"methysergide base"	"semiautomatique"
"NELFINAVIR"	NA	"same"	55048	"nelfinavir base"	"semiautomatique"
"NEVIRAPINE"	NA	"hasform"	80180	"nevirapine anhydre"	"semiautomatique"
"OXYBUTYNINE"	NA	"hasform"	11401	"chlorhydrate d oxybutynine"	"semiautomatique"
"PIPAMPERONE"	NA	"same"	20950	"pipamperone base"	"semiautomatique"
"PIZOTIFENE"	NA	"same"	26562	"pizotifene base"	"semiautomatique"
"PRAZOSINE"	NA	"same"	53450	"prazosine base"	"semiautomatique"
"QUINUPRISTINE"	NA	"same"	42661	"quinupristine base"	"semiautomatique"
"SIBUTRAMINE"	NA	"same"	71919	"sibutramine base"	"semiautomatique"
"THIOPENTAL"	NA	"hasform"	42608	"thiopental sodique"	"semiautomatique"
"THIOPROPERAZINE"	NA	"same"	48862	"thioproperazine base"	"semiautomatique"
"TRIFLUPERIDOL"	NA	"same"	42933	"trifluperidol base"	"semiautomatique"
"VINBLASTINE"	NA	"hasform"	62283	"vinblastine anhydre"	"semiautomatique"
"BEPRIDIL"	NA	"same"	34533	"bepridil base"	"semiautomatique"
"TRIMAZOSINE"	NA	"same"	26040	"trimazosine base"	"semiautomatique"
"VILOXAZINE"	NA	"same"	97289	"viloxazine base"	"semiautomatique"
"ETHAMBUTOL"	NA	"hasform"	1802	"chlorhydrate d ethambutol"	"semiautomatique"
"FEXOFENADINE"	NA	"same"	55222	"fexofenadine base"	"semiautomatique"
"TICARCILLINE"	NA	"same"	15487	"ticarcilline base"	"semiautomatique"
"OLSALAZINE"	NA	"hasform"	44028	"olsalazine sodique"	"semiautomatique"
"TIAGABINE"	NA	"hasform"	83209	"tiagabine anhydre"	"semiautomatique"
"OXACILLINE"	NA	"hasform"	5465	"oxacilline sodique"	"semiautomatique"
"CASCARA SAGRADA"	NA	"same"	9146	"cascara sagrada pour preparations homeopathiques"	"semiautomatique"
"BETAXOLOL"	NA	"same"	36349	"betaxolol base"	"semiautomatique"
"BROMOCRIPTINE"	NA	"same"	92297	"bromocriptine base"	"semiautomatique"
"CARTEOLOL"	NA	"same"	96827	"carteolol base"	"semiautomatique"
"CEFAMANDOLE"	NA	"same"	73366	"cefamandole base"	"semiautomatique"
"DIHYDROERGOTAMINE"	NA	"same"	81034	"dihydroergotamine base"	"semiautomatique"
"FLUOXETINE"	NA	"same"	48800	"fluoxetine base"	"semiautomatique"
"FLUPENTIXOL"	NA	"same"	89752	"flupentixol base"	"semiautomatique"
"HYDROXYZINE"	NA	"hasform"	2087	"chlorhydrate d hydroxyzine"	"semiautomatique"
"NEBIVOLOL"	NA	"same"	96027	"nebivolol base"	"semiautomatique"
"NETILMICINE"	NA	"same"	77886	"netilmicine base"	"semiautomatique"
"PERGOLIDE"	NA	"same"	57067	"pergolide base"	"semiautomatique"
"PIOGLITAZONE"	NA	"same"	17092	"pioglitazone base"	"semiautomatique"
"QUINAPRIL"	NA	"same"	87533	"quinapril base"	"semiautomatique"
"SELEGILINE"	NA	"same"	16245	"selegiline base"	"semiautomatique"
"STREPTOMYCINE"	NA	"same"	38447	"streptomycine base"	"semiautomatique"
"SULTOPRIDE"	NA	"same"	89853	"sultopride base"	"semiautomatique"
"TERAZOSINE"	NA	"same"	53913	"terazosine base"	"semiautomatique"
"TIAPRIDE"	NA	"same"	89551	"tiapride base"	"semiautomatique"
"TOLTERODINE"	NA	"same"	41652	"tolterodine base"	"semiautomatique"
"TRIMIPRAMINE"	NA	"same"	85758	"trimipramine base"	"semiautomatique"
"MAGNESIUM (TRISILICATE DE)"	NA	"same"	3013	"trisilicate de magnesium"	"semiautomatique"
"SODIUM (RICINOLEATE DE)"	NA	"same"	14830	"sodium  ricinoleate de "	"semiautomatique"
"SODIUM (NITROPRUSSIATE DE)"	NA	"same"	801	"sodium  nitroprussiate de "	"semiautomatique"
"SODIUM (OXYBATE DE)"	NA	"same"	10876	"sodium  oxybate de "	"semiautomatique"
"AMPICILLINE"	NA	"hasform"	3155	"ampicilline trihydratee"	"semiautomatique"
"BENZYLPENICILLINE"	NA	"hasform"	5033	"benzathine benzylpenicilline"	"semiautomatique"
"MINOCYCLINE"	NA	"same"	37703	"minocycline base"	"semiautomatique"
"PARAFFINE"	NA	"same"	19236	"paraffine liquide"	"semiautomatique"
"SEVELAMER"	NA	"same"	76741	"sevelamer base"	"semiautomatique"
"CISAPRIDE"	NA	"hasform"	7846	"cisapride monohydrate"	"semiautomatique"
"VIDARABINE"	NA	"hasform"	20544	"vidarabine monohydratee"	"semiautomatique"
"INTERFERON ALFA"	NA	"part"	2096	"interferon alfa 2b"	"semiautomatique"
"SODIUM (DOCUSATE DE)"	NA	"same"	3063	"sodium  docusate de "	"semiautomatique"
"SODIUM (PICOSULFATE DE)"	NA	"same"	47933	"picosulfate de sodium"	"semiautomatique"
"SODIUM (AUROTHIOPROPANOLSULFONATE DE)"	NA	"same"	4652	"sodium  aurothiopropanolsulfonate de "	"semiautomatique"
"AMILORIDE"	NA	"hasform"	3149	"chlorhydrate d amiloride"	"semiautomatique"
"PAROXETINE"	NA	"same"	51891	"paroxetine base"	"semiautomatique"
"ISOSORBIDE"	NA	"hasform"	7111	"mononitrate d isosorbide"	"semiautomatique"
"IPRATROPIUM"	NA	"hasform"	49189	"ipratropium  bromure d  "	"semiautomatique"
"SODIUM (BICARBONATE DE)"	NA	"same"	899	"sodium  bicarbonate de "	"semiautomatique"
"ACIDE ZOLEDRONIQUE"	NA	"hasform"	41881	"acide zoledronique anhydre"	"semiautomatique"
"BACAMPICILLINE"	NA	"hasform"	954	"bacampicilline  chlorhydrate de "	"semiautomatique"
"BAMBUTEROL"	NA	"hasform"	50858	"chlorhydrate de bambuterol"	"semiautomatique"
"BEFUNOLOL"	NA	"hasform"	7862	"befunolol  chlorhydrate de "	"semiautomatique"
"BENDAMUSTINE"	NA	"hasform"	94401	"bendamustine  chlorhydrate de "	"semiautomatique"
"BIPERIDENE"	NA	"hasform"	1274	"chlorhydrate de biperidene"	"semiautomatique"
"BUCLIZINE"	NA	"hasform"	1307	"chlorhydrate de buclizine"	"semiautomatique"
"CAFEDRINE"	NA	"hasform"	3418	"cafedrine  chlorhydrate de "	"semiautomatique"
"CAJEPUT"	NA	"same"	776	"cajeput  huile essentielle de "	"semiautomatique"
"CAPTODIAME"	NA	"hasform"	437	"captodiame  chlorhydrate de "	"semiautomatique"
"CETALKONIUM"	NA	"hasform"	22114	"chlorure de cetalkonium"	"semiautomatique"
"CHLORMETHINE"	NA	"hasform"	5290	"chlorhydrate de chlormethine"	"semiautomatique"
"CHLORPHENOXAMINE"	NA	"hasform"	1426	"chlorhydrate de chlorphenoxamine"	"semiautomatique"
"CHLORPROETHAZINE"	NA	"hasform"	74046	"chlorhydrate de chlorproethazine"	"semiautomatique"
"CHLORTETRACYCLINE"	NA	"hasform"	3188	"chlorhydrate de chlortetracycline"	"semiautomatique"
"CLIDINIUM"	NA	"hasform"	912	"clidinium  bromure de "	"semiautomatique"
"CLOCINIZINE"	NA	"hasform"	1472	"chlorhydrate de clocinizine"	"semiautomatique"
"CLONIDINE"	NA	"hasform"	464	"clonidine  chlorhydrate de "	"semiautomatique"
"COLESEVELAM"	NA	"hasform"	50447	"colesevelam  chlorhydrate de "	"semiautomatique"
"COLISTINE"	NA	"hasform"	4823	"sulfate de colistine"	"semiautomatique"
"CORTISONE"	NA	"hasform"	5409	"acetate de cortisone"	"semiautomatique"
"CYCLIZINE"	NA	"hasform"	1547	"chlorhydrate de cyclizine"	"semiautomatique"
"CYCLOPENTOLATE"	NA	"hasform"	5777	"cyclopentolate  chlorhydrate de "	"semiautomatique"
"DESIPRAMINE"	NA	"hasform"	3306	"desipramine  chlorhydrate de "	"semiautomatique"
"DESOXYCORTONE"	NA	"hasform"	482	"acetate de desoxycortone"	"semiautomatique"
"DEXCHLORPHENIRAMINE"	NA	"hasform"	3218	"maleate de dexchlorpheniramine"	"semiautomatique"
"DIHEXYVERINE"	NA	"hasform"	1673	"chlorhydrate de dihexyverine"	"semiautomatique"
"DIPHEMANIL"	NA	"hasform"	3219	"diphemanil  methylsulfate de "	"semiautomatique"
"DOSULEPINE"	NA	"hasform"	87	"dosulepine  chlorhydrate de "	"semiautomatique"
"FLUDARABINE"	NA	"hasform"	45009	"phosphate de fludarabine"	"semiautomatique"
"FLURAZEPAM"	NA	"hasform"	11630	"flurazepam  chlorhydrate de "	"semiautomatique"
"FOSCARNET"	NA	"hasform"	69062	"foscarnet sodique hexahydrate"	"semiautomatique"
"FOSPHENYTOINE"	NA	"hasform"	47020	"fosphenytoine sodique heptahydrate"	"semiautomatique"
"MECLOZINE"	NA	"hasform"	5541	"chlorhydrate de meclozine"	"semiautomatique"
"MEPYRAMINE"	NA	"hasform"	3921	"maleate de mepyramine"	"semiautomatique"
"METHYLENECYCLINE"	NA	"hasform"	3409	"methylenecycline  chlorhydrate de "	"semiautomatique"
"MEXILETINE"	NA	"hasform"	924	"mexiletine  chlorhydrate de "	"semiautomatique"
"MIDECAMYCINE"	NA	"hasform"	74801	"diacetate de midecamycine"	"semiautomatique"
"MIDODRINE"	NA	"hasform"	98763	"chlorhydrate de midodrine"	"semiautomatique"
"MITOGUAZONE"	NA	"hasform"	2392	"mitoguazone  dichlorhydrate de  monohydrate"	"semiautomatique"
"MOEXIPRIL"	NA	"hasform"	80137	"chlorhydrate de moexipril"	"semiautomatique"
"NADOXOLOL"	NA	"hasform"	840	"nadoxolol  chlorhydrate de "	"semiautomatique"
"OPIPRAMOL"	NA	"hasform"	2520	"opipramol  dichlorhydrate de "	"semiautomatique"
"PANCURONIUM"	NA	"hasform"	3488	"bromure de pancuronium"	"semiautomatique"
"PENTAMIDINE"	NA	"hasform"	6375	"pentamidine  isetionate de "	"semiautomatique"
"PERPHENAZINE"	NA	"hasform"	93659	"perphenazine  enantate de "	"semiautomatique"
"PETHIDINE"	NA	"hasform"	2799	"chlorhydrate de pethidine"	"semiautomatique"
"PROPAFENONE"	NA	"hasform"	28459	"propafenone  chlorhydrate de "	"semiautomatique"
"SPIRAPRIL"	NA	"hasform"	9264	"spirapril  chlorhydrate de "	"semiautomatique"
"TERTATOLOL"	NA	"hasform"	9542	"tertatolol  chlorhydrate de "	"semiautomatique"
"THEODRENALINE"	NA	"hasform"	3417	"theodrenaline  chlorhydrate de "	"semiautomatique"
"TOREMIFENE"	NA	"hasform"	13942	"citrate de toremifene"	"semiautomatique"
"TRIHEXYPHENIDYLE"	NA	"hasform"	264	"trihexyphenidyle  chlorhydrate de "	"semiautomatique"
"TROPATEPINE"	NA	"hasform"	3610	"tropatepine  chlorhydrate de "	"semiautomatique"
"UROKINASE"	NA	"same"	376	"urokinase  mammifere humain urine "	"semiautomatique"
"BUPROPIONE"	NA	"hasform"	17194	"chlorhydrate de bupropione"	"semiautomatique"
"FLAVOXATE"	NA	"hasform"	25487	"flavoxate  chlorhydrate de "	"semiautomatique"
"DEFEROXAMINE"	NA	"hasform"	1584	"mesilate de deferoxamine"	"semiautomatique"
"VECURONIUM"	NA	"hasform"	12094	"bromure de vecuronium"	"semiautomatique"
"PERHEXILINE"	NA	"hasform"	3502	"perhexiline  maleate de "	"semiautomatique"
"VIRUS DE LA FIEVRE JAUNE"	NA	"same"	751	"virus de la fievre jaune  souche 17d 204  vivant  attenue "	"semiautomatique"
"MAGNESIUM (HYDROXYDE DE)"	NA	"same"	4415	"magnesium  hydroxyde de "	"semiautomatique"
"VIRUS DES OREILLONS"	NA	"same"	28603	"virus des oreillons  souche urabe am 9  attenue"	"semiautomatique"
"BENAZEPRIL"	NA	"hasform"	14049	"benazepril  chlorhydrate de "	"semiautomatique"
"BROMPHENIRAMINE"	NA	"hasform"	3178	"maleate de brompheniramine"	"semiautomatique"
"BUSPIRONE"	NA	"hasform"	1354	"chlorhydrate de buspirone"	"semiautomatique"
"CARBINOXAMINE"	NA	"hasform"	3205	"maleate de carbinoxamine"	"semiautomatique"
"CHLORMADINONE"	NA	"hasform"	2245	"acetate de chlormadinone"	"semiautomatique"
"CHLORPHENAMINE"	NA	"hasform"	3193	"maleate de chlorphenamine"	"semiautomatique"
"CICLETANINE"	NA	"hasform"	7289	"cicletanine  chlorhydrate de "	"semiautomatique"
"CLOMIPRAMINE"	NA	"hasform"	1493	"chlorhydrate de clomipramine"	"semiautomatique"
"CYPROTERONE"	NA	"hasform"	987	"acetate de cyproterone"	"semiautomatique"
"DABIGATRAN"	NA	"hasform"	82447	"dabigatran etexilate base"	"semiautomatique"
"DILTIAZEM"	NA	"hasform"	915	"chlorhydrate de diltiazem"	"semiautomatique"
"DOPAMINE"	NA	"hasform"	5249	"chlorhydrate de dopamine"	"semiautomatique"
"DOXORUBICINE"	NA	"hasform"	3236	"doxorubicine  chlorhydrate de "	"semiautomatique"
"FENSPIRIDE"	NA	"hasform"	3314	"chlorhydrate de fenspiride"	"semiautomatique"
"FLECAINIDE"	NA	"hasform"	3226	"acetate de flecainide"	"semiautomatique"
"FLUVOXAMINE"	NA	"hasform"	23046	"fluvoxamine  maleate de "	"semiautomatique"
"LABETALOL"	NA	"hasform"	946	"labetalol  chlorhydrate de "	"semiautomatique"
"LEVOBUNOLOL"	NA	"hasform"	18812	"levobunolol  chlorhydrate de "	"semiautomatique"
"LINSIDOMINE"	NA	"hasform"	60932	"chlorhydrate de linsidomine"	"semiautomatique"
"LISURIDE"	NA	"hasform"	61297	"maleate acide de lisuride"	"semiautomatique"
"MANIDIPINE"	NA	"hasform"	53763	"manidipine  dichlorhydrate de "	"semiautomatique"
"MEDROXYPROGESTERONE"	NA	"hasform"	557	"acetate de medroxyprogesterone"	"semiautomatique"
"MEFENIDRAMIUM"	NA	"hasform"	1728	"metilsulfate de mefenidramium"	"semiautomatique"
"METHADONE"	NA	"hasform"	47784	"chlorhydrate de methadone"	"semiautomatique"
"MIANSERINE"	NA	"hasform"	602	"chlorhydrate de mianserine"	"semiautomatique"
"MOMETASONE"	NA	"hasform"	14446	"furoate de mometasone"	"semiautomatique"
"NALBUPHINE"	NA	"hasform"	2338	"chlorhydrate de nalbuphine"	"semiautomatique"
"NALTREXONE"	NA	"hasform"	11396	"chlorhydrate de naltrexone"	"semiautomatique"
"NAPHAZOLINE"	NA	"hasform"	3933	"nitrate de naphazoline"	"semiautomatique"
"NEFOPAM"	NA	"hasform"	19859	"chlorhydrate de nefopam"	"semiautomatique"
"NICARDIPINE"	NA	"hasform"	13709	"nicardipine  chlorhydrate de "	"semiautomatique"
"NOMEGESTROL"	NA	"hasform"	28293	"acetate de nomegestrol"	"semiautomatique"
"PHENIRAMINE"	NA	"hasform"	3460	"maleate de pheniramine"	"semiautomatique"
"PIPERAQUINE"	NA	"hasform"	21697	"piperaquine  tetraphosphate de "	"semiautomatique"
"PROGUANIL"	NA	"hasform"	30216	"chlorhydrate de proguanil"	"semiautomatique"
"PYRIDOSTIGMINE"	NA	"hasform"	2283	"bromure de pyridostigmine"	"semiautomatique"
"RHUBARBE"	NA	"same"	865	"rhubarbe  poudre de "	"semiautomatique"
"RICIN"	NA	"same"	4324	"ricin  huile de "	"semiautomatique"
"RITODRINE"	NA	"hasform"	3347	"chlorhydrate de ritodrine"	"semiautomatique"
"ROCURONIUM"	NA	"hasform"	16496	"bromure de rocuronium"	"semiautomatique"
"ROXATIDINE"	NA	"hasform"	29777	"roxatidine  acetate de "	"semiautomatique"
"SOTALOL"	NA	"hasform"	970	"chlorhydrate de sotalol"	"semiautomatique"
"SUXAMETHONIUM"	NA	"hasform"	4653	"chlorure de suxamethonium"	"semiautomatique"
"SYNEPHRINE"	NA	"hasform"	5181	"synephrine  tartrate de "	"semiautomatique"
"TERBUTALINE"	NA	"hasform"	4857	"sulfate de terbutaline"	"semiautomatique"
"TETRYZOLINE"	NA	"hasform"	109	"chlorhydrate de tetryzoline"	"semiautomatique"
"TICLOPIDINE"	NA	"hasform"	783	"chlorhydrate de ticlopidine"	"semiautomatique"
"TRIPROLIDINE"	NA	"hasform"	5483	"triprolidine  chlorhydrate de "	"semiautomatique"
"TROSPIUM"	NA	"hasform"	4511	"trospium  chlorure de "	"semiautomatique"
"VERAPAMIL"	NA	"hasform"	5242	"chlorhydrate de verapamil"	"semiautomatique"
"VINCRISTINE"	NA	"hasform"	5113	"sulfate de vincristine"	"semiautomatique"
"VINDESINE"	NA	"hasform"	882	"vindesine  sulfate de "	"semiautomatique"
"ZOLPIDEM"	NA	"hasform"	25975	"tartrate de zolpidem"	"semiautomatique"
"BUFLOMEDIL"	NA	"hasform"	3620	"chlorhydrate de buflomedil"	"semiautomatique"
"TUAMINOHEPTANE"	NA	"hasform"	5493	"tuaminoheptane  sulfate de "	"semiautomatique"
"YOHIMBINE"	NA	"hasform"	3626	"chlorhydrate de yohimbine"	"semiautomatique"
"POTASSIUM (CITRATE DE)"	NA	"same"	855	"citrate de potassium"	"semiautomatique"
"VIRUS VARICELLE-ZONA"	NA	"same"	96983	"virus varicelle zona souche oka merck  vivant  attenue "	"semiautomatique"
"BCG"	NA	"same"	3181	"vaccin bcg cryodesseche"	"semiautomatique"
"DIPHENHYDRAMINE"	NA	"hasform"	2678	"chlorhydrate de diphenhydramine"	"semiautomatique"
"DOXYLAMINE"	NA	"hasform"	3225	"hydrogenosuccinate de doxylamine"	"semiautomatique"
"FLUTICASONE"	NA	"hasform"	41788	"propionate de fluticasone"	"semiautomatique"
"NEOSTIGMINE"	NA	"hasform"	3633	"neostigmine  metilsulfate de "	"semiautomatique"
"STRONTIUM"	NA	"hasform"	41489	"ranelate de strontium anhydre"	"semiautomatique"
"CALCITONINE"	NA	"hasform"	359	"calcitonine de saumon"	"semiautomatique"
"FLUPHENAZINE"	NA	"hasform"	3302	"decanoate de fluphenazine"	"semiautomatique"
"MAPROTILINE"	NA	"hasform"	3402	"maprotiline  mesilate de "	"semiautomatique"
"MILLEPERTUIS"	NA	"same"	4235	"extrait sec de millepertuis"	"semiautomatique"
"NIAOULI"	NA	"same"	152	"niaouli  essence de "	"semiautomatique"
"TRIAMCINOLONE"	NA	"hasform"	5480	"hexacetonide de triamcinolone"	"semiautomatique"
"BENZALKONIUM"	NA	"hasform"	4771	"chlorure de benzalkonium"	"semiautomatique"
"METOPROLOL"	NA	"hasform"	933	"metoprolol  tartrate de "	"semiautomatique"
"REGLISSE"	NA	"same"	243	"reglisse  extrait de   sec "	"semiautomatique"
"VIRUS RUBEOLEUX"	NA	"hasform"	97753	"virus rubeoleux  souche wistar ra 27 3  attenue"	"semiautomatique"
"MENTHE"	NA	"same"	190	"feuille de menthe poivree"	"semiautomatique"
"INSULINE"	NA	"hasform"	38062	"insuline degludec"	"semiautomatique"
"SODIUM (CITRATE DE)"	NA	"same"	4155	"citrate de sodium"	"semiautomatique"
"ALTEPLASE RECOMBINANTE"	NA	"same"	56894	"alteplase"	"semiautomatique"
"SENE DE KHARTOUM"	NA	"same"	86396	"sene de khartoum ou d alexandrie  fruit de   extrait sec de "	"semiautomatique"
"SODIUM (CHLORURE DE)"	NA	"same"	901	"chlorure de sodium"	"semiautomatique"
"SENE"	NA	"same"	213	"sene  feuille de "	"semiautomatique"
"CALCIUM"	NA	"same"	72723	"calcium element"	"semiautomatique"
"VIRUS VIVANT ATTENUE DE LA GRIPPE"	NA	"hasform"	42518	"virus de la grippe reassorti  vivant  attenue  souche b massachusetts 2 2012   souche analogue  b massachussetts 2 2012  medi 237751 "	"semiautomatique"
"ABCIXIMAB (C 7E3B FAB)"	NA	"same"	99176	"abciximab  c7e3b fab "	"semiautomatique"
"ESTROGENES SULFOCONJUGUES EQUINS"	NA	"same"	3082	"estrogenes sulfoconjuges equins"	"semiautomatique"
"SENE DE L'INDE"	NA	"same"	78303	"sene de l inde ou de tinnevelly  fruit de "	"semiautomatique"
"ROTAVIRUS"	NA	"hasform"	99567	"rotavirus humain  souche rix4414   vivant  attenue "	"semiautomatique"
"CONSOMMATION D'ALCOOL"	NA	"same"	35	"alcool"	"semiautomatique"
"ALCOOL (BOISSON OU EXCIPIENT)"	NA	"same"	35	"alcool"	"semiautomatique"
"ACETYLSULFAFURAZOL"	"acetyl sulfafurazol"	"same"	11079	"acetyl sulfafurazol"	"manuelle"
"ALISKIREN"	"aliskirene"	"same"	70278	"aliskirene"	"manuelle"
"BUPROPION"	"bupropione"	"hasform"	17194	"chlorhydrate de bupropione"	"manuelle"
"CATIORESINE SULFO SODIQUE"	"sodium (polystyrene sulfonate de)"	"same"	6379	"sodium  polystyrene sulfonate de "	"manuelle"
"CERTOLUZUMAB"	"CERTOLIZUMAB"	"hasform"	77804	"certolizumab pegol"	"manuelle"
"DICITRATE TRIMAGNESIEN"	"citrate de magnesium"	"same"	30514	"citrate de magnesium"	"manuelle"
"ESLICARBAMAZEPINE"	"ESLICARBAZEPINE"	"hasform"	61493	"eslicarbazepine  acetate d  "	"manuelle"
"ETORECOXIB"	"ETORICOXIB"	"same"	47493	"etoricoxib"	"manuelle"
"FAMPRIDINES"	"AMIFAMPRIDINE"	"same"	72087	"amifampridine"	"manuelle"
"IMMUNOGLOBULINES EQUINES ANTILYMPHOCYTE HUMAIN"	"immunoglobuline equine anti-thymocytes humains"	"same"	5167	"immunoglobuline equine anti thymocytes humains"	"manuelle"
"INSULINE HUMAINE RECOMBINANTE"	"INSULINE HUMAINE RECOMBINANTE"	"hasform"	51576	"insuline humaine recombinante isophane"	"manuelle"
"NOREPINEPHRINE"	"noradrenaline"	"same"	9745	"noradrenaline"	"manuelle"
"PEG-INTERFERON ALFA-2A"	"peginterferon alfa-2a"	"same"	76196	"peginterferon alfa 2a"	"manuelle"
"PIMETHIXENE"	"pimetixene"	"same"	5613	"pimetixene"	"manuelle"
"PIROXICAM-BETADEX"	"piroxicam-betacyclodextrine (complexe)"	"same"	65918	"piroxicam betacyclodextrine  complexe "	"manuelle"
"POLY (STYRENESULFONATE DE CALCIUM)"	"polystyrene sulfonate de calcium"	"same"	11456	"polystyrene sulfonate de calcium"	"manuelle"
"RICINUS COMMUNIS"	"ricin"	"same"	4324	"ricin  huile de "	"manuelle"
"TIOGUANINE"	"thioguanine"	"same"	98196	"thioguanine"	"manuelle"
"SUCCINYLCHOLINE"	"suxamethonium"	"hasform"	4653	"chlorure de suxamethonium"	"manuelle"
"ESCLICARBAZEPINE"	"ESLICARBAZEPINE"	"hasform"	61493	"eslicarbazepine  acetate d  "	"manuelle"
"GEL D'HYDROXYDE D'ALUMINIUM ET DE CARBONATE DE MAGNE"	"GEL D'HYDROXYDE D'ALUMINIUM ET DE CARBONATE DE MAGNSIUM CODESSCHS"	"same"	204	"gel d hydroxyde d aluminium et de carbonate de magnesium codesseches"	"manuelle"
"INSULINE HUMAINE HEMISYNTHETIQUE ISOPHANE BIPHASIQU"	"INSULINE HUMAINE HEMISYNTHETIQUE ISOPHANE BIPHASIQU"	"same"	2277	"insuline humaine hemisynthetique isophane  suspension d  "	"manuelle"
"CHARBON"	"CHARBON"	"hasform"	4204	"charbon active"	"manuelle"
"VIRUS DE LA VARICELLE"	"VIRUS DE LA VARICELLE"	"hasform"	96983	"virus de la varicelle souche oka  vivant  attenue "	"manuelle"
"VIRUS ROUGEOLEUX"	"rougeole"	"hasform"	85085	"virus de la rougeole  souche schwartz  vivant  attenue"	"manuelle"
"P A S SODIQUE"	"p a s sodique anhydre"	"same"	69076	"p a s sodique anhydre"	"manuelle"
"MYRISTALKONIUM"	"MIRISTALKONIUM"	"hasform"	7787	"chlorure de miristalkonium"	"manuelle"
"FAMPRIDINES"	"FAMPRIDINE"	"same"	65723	"fampridine"	"manuelle"
"ACIDE ACETYLSALICYLIQUE"	"ACETYLSALICYLATE"	"hasform"	3107	"dl lysine  acetylsalicylate de "	"manuelle"
"ACIDE ALENDRONIQUE"	"ALENDRONATE"	"hasform"	24982	"alendronate monosodique trihydrate"	"manuelle"
"ACIDE AMIDOTRIZOIQUE"	"AMIDOTRIZOATE"	"hasform"	3146	"amidotrizoate de meglumine"	"manuelle"
"ACIDE ASCORBIQUE"	"ASCORBATE"	"hasform"	1182	"ascorbate sodique"	"manuelle"
"ACIDE CLODRONIQUE"	"CLODRONATE"	"hasform"	62139	"clodronate de sodium anhydre"	"manuelle"
"ACIDE ETIDRONIQUE"	"ETIDRONATE"	"hasform"	13104	"etidronate disodique"	"manuelle"
"ACIDE FOLINIQUE"	"FOLINATE"	"hasform"	17162	"folinate disodique"	"manuelle"
"ACIDE FUSIDIQUE"	"FUSIDATE"	"hasform"	4913	"fusidate de sodium"	"manuelle"
"ACIDE IBANDRONIQUE"	"IBANDRONATE"	"hasform"	86008	"ibandronate monosodique monohydrate"	"manuelle"
"ACIDE IOXAGLIQUE"	"IOXAGLATE"	"hasform"	937	"meglumine  ioxaglate de "	"manuelle"
"ACIDE IOXITALAMIQUE"	"IOXITALAMATE"	"hasform"	5455	"meglumine  ioxitalamate de "	"manuelle"
"ACIDE MEDRONIQUE"	"MEDRONATE"	"hasform"	97272	"sodium  medronate de "	"manuelle"
"ACIDE NICOTINIQUE"	"NICOTINATE"	"hasform"	5452	"nicotinate de methyle"	"manuelle"
"ACIDE OXIDRONIQUE"	"OXIDRONATE"	"hasform"	26221	"oxidronate de sodium"	"manuelle"
"ACIDE PAMIDRONIQUE"	"PAMIDRONATE"	"hasform"	67602	"pamidronate de sodium"	"manuelle"
"ACIDE RISEDRONIQUE"	"RISEDRONATE"	"hasform"	45087	"risedronate monosodique"	"manuelle"
"ACIDE TILUDRONIQUE"	"TILUDRONATE"	"hasform"	87268	"tiludronate disodique"	"manuelle"
"ACIDE VALPROIQUE"	"VALPROATE"	"hasform"	27265	"valproate semisodique"	"manuelle"
"ACIDE SALICYLIQUE"	"SALICYLATE"	"hasform"	4852	"salicylate d hydroxyethyle"	"manuelle"
